Country Name,1960,1961,1962,1963,1964,1965,1966,1967,1968,1969,1970,1971,1972,1973,1974,1975,1976,1977,1978,1979,1980,1981,1982,1983,1984,1985,1986,1987,1988,1989,1990,1991,1992,1993,1994,1995,1996,1997,1998,1999,2000,2001,2002,2003,2004,2005,2006,2007,2008,2009,2010,2011,2012,2013,2014,2015,2016,2017,2018,2019,2020,2021,2022
Aruba,NA,NA,NA,NA,NA,NA,NA,NA,NA,NA,NA,NA,NA,NA,NA,NA,NA,NA,NA,NA,NA,NA,NA,NA,NA,NA,NA,NA,NA,NA,NA,NA,NA,NA,NA,NA,NA,NA,NA,NA,97.29125214,NA,NA,NA,NA,NA,NA,NA,NA,NA,96.82263947,NA,NA,NA,NA,NA,NA,NA,NA,NA,97.98999786,NA,NA
Africa Eastern and Southern,NA,NA,NA,NA,NA,NA,NA,NA,NA,NA,NA,NA,NA,NA,NA,NA,NA,NA,NA,NA,NA,NA,NA,NA,NA,NA,NA,56.85890961,57.1661911,57.61875153,58.18001938,58.14118958,58.53063965,58.91260147,59.52685165,59.92193985,60.43492889,61.17406082,61.40871048,62.25841904,62.49517822,63.41788864,63.74940872,64.35030365,65.60041809,63.94247055,62.13386917,62.83575821,63.30950928,64.00041962,64.61788177,66.82965088,68.36135101,69.38310242,69.8347702,70.31342316,71.09519958,71.00907135,71.39261627,72.63497162,72.78562164,72.5811615,72.60040283
Afghanistan,NA,NA,NA,NA,NA,NA,NA,NA,NA,NA,NA,NA,NA,NA,NA,NA,NA,NA,NA,18.15768051,NA,NA,NA,NA,NA,NA,NA,NA,NA,NA,NA,NA,NA,NA,NA,NA,NA,NA,NA,NA,NA,NA,NA,NA,NA,NA,NA,NA,NA,NA,NA,31.44885063,NA,NA,NA,NA,NA,NA,NA,NA,NA,37.2660408,NA
Africa Western and Central,NA,NA,NA,NA,NA,NA,NA,NA,NA,NA,NA,NA,NA,NA,NA,NA,NA,NA,NA,NA,NA,NA,NA,NA,NA,40.29465103,40.55083084,41.29927063,42.03242111,42.82516098,43.60493851,44.82331848,45.16337967,46.00217056,46.86951065,47.01763153,47.80644989,48.82888031,50.17557907,51.05165863,47.05715942,48.76261139,49.47245026,49.47436905,51.38341141,51.4238205,57.47114944,50.1195488,49.81003952,50.692379,51.15695953,51.76631165,52.41016006,53.00278091,54.00675964,54.81832123,55.43791962,56.48553848,59.56845856,59.51171875,59.61751175,60.03461075,60.31269836
Angola,NA,NA,NA,NA,NA,NA,NA,NA,NA,NA,NA,NA,NA,NA,NA,NA,NA,NA,NA,NA,NA,NA,NA,NA,NA,NA,NA,NA,NA,NA,NA,NA,NA,NA,NA,NA,NA,NA,NA,NA,NA,67.4054184,NA,NA,NA,NA,NA,NA,NA,NA,NA,NA,NA,NA,66.03011322,NA,NA,NA,NA,NA,NA,NA,72.40000153
Albania,NA,NA,NA,NA,NA,NA,NA,NA,NA,NA,NA,NA,NA,NA,NA,NA,NA,NA,NA,NA,NA,NA,NA,NA,NA,NA,NA,NA,NA,NA,NA,NA,NA,NA,NA,NA,NA,NA,NA,NA,NA,98.71298218,NA,NA,NA,NA,NA,NA,95.93863678,NA,NA,96.84529877,97.24697113,NA,NA,NA,NA,NA,NA,NA,NA,NA,98.5
Andorra,NA,NA,NA,NA,NA,NA,NA,NA,NA,NA,NA,NA,NA,NA,NA,NA,NA,NA,NA,NA,NA,NA,NA,NA,NA,NA,NA,NA,NA,NA,NA,NA,NA,NA,NA,NA,NA,NA,NA,NA,NA,NA,NA,NA,NA,NA,NA,NA,NA,NA,NA,NA,NA,NA,NA,NA,NA,NA,NA,NA,NA,NA,NA
Arab World,NA,NA,NA,NA,NA,NA,NA,NA,NA,NA,NA,NA,NA,NA,NA,NA,NA,NA,46.47531128,46.94826126,47.53086853,48.11101151,48.67683029,48.89918137,49.61643982,50.50421906,51.30672836,51.98210907,52.9797287,53.85493088,54.79576874,55.81391144,56.86386108,57.68294144,58.44878006,59.59429169,60.88103867,61.82833099,63.03688812,64.11116028,64.8062973,66.24234772,67.36019897,69.98902893,70.57377625,70.23332977,69.12741089,69.87658691,70.67662811,69.58039093,70.51841736,72.27749634,75.70188904,73.27648163,77.57787323,74.9812088,76.38672638,77.17030334,74.28613281,74.60366058,75.02288055,75.23117828,75.17153168
United Arab Emirates,NA,NA,NA,NA,NA,NA,NA,NA,NA,NA,NA,NA,NA,NA,NA,53.51488113,NA,NA,NA,NA,NA,NA,NA,NA,NA,71.23529816,NA,NA,NA,NA,NA,NA,NA,NA,NA,NA,NA,NA,NA,NA,NA,NA,NA,NA,NA,90.03385162,NA,NA,NA,NA,NA,NA,NA,NA,NA,NA,NA,NA,NA,97.78250885,NA,98.12635803,98.28540802
Argentina,NA,NA,NA,NA,NA,NA,NA,NA,NA,NA,NA,NA,NA,NA,NA,NA,NA,NA,NA,NA,93.91285706,NA,NA,NA,NA,NA,NA,NA,NA,NA,NA,96.04071808,NA,NA,NA,NA,NA,NA,NA,NA,NA,97.1933136,NA,NA,NA,NA,NA,NA,NA,NA,NA,NA,NA,NA,NA,NA,NA,NA,NA,NA,NA,NA,NA
Armenia,NA,NA,NA,NA,NA,NA,NA,NA,NA,NA,NA,NA,NA,NA,NA,NA,NA,NA,NA,NA,NA,NA,NA,NA,NA,NA,NA,NA,NA,98.75196075,NA,NA,NA,NA,NA,NA,NA,NA,NA,NA,NA,99.40016174,NA,NA,NA,NA,NA,NA,NA,NA,NA,99.74440765,NA,NA,NA,NA,99.74440765,99.73606873,NA,NA,99.78861237,NA,NA
American Samoa,NA,NA,NA,NA,NA,NA,NA,NA,NA,NA,NA,NA,NA,NA,NA,NA,NA,NA,NA,NA,97.34416199,NA,NA,NA,NA,NA,NA,NA,NA,NA,NA,NA,NA,NA,NA,NA,NA,NA,NA,NA,NA,NA,NA,NA,NA,NA,NA,NA,NA,NA,NA,NA,NA,NA,NA,NA,NA,NA,NA,NA,NA,NA,NA
Antigua and Barbuda,NA,NA,NA,NA,NA,NA,NA,NA,NA,NA,NA,NA,NA,NA,NA,NA,NA,NA,NA,NA,NA,NA,NA,NA,NA,NA,NA,NA,NA,NA,NA,NA,NA,NA,NA,NA,NA,NA,NA,NA,NA,98.94999695,NA,NA,NA,NA,NA,NA,NA,NA,NA,NA,NA,NA,NA,NA,NA,NA,NA,NA,NA,NA,NA
Australia,NA,NA,NA,NA,NA,NA,NA,NA,NA,NA,NA,NA,NA,NA,NA,NA,NA,NA,NA,NA,NA,NA,NA,NA,NA,NA,NA,NA,NA,NA,NA,NA,NA,NA,NA,NA,NA,NA,NA,NA,NA,NA,NA,NA,NA,NA,NA,NA,NA,NA,NA,NA,NA,NA,NA,NA,NA,NA,NA,NA,NA,NA,NA
Austria,NA,NA,NA,NA,NA,NA,NA,NA,NA,NA,NA,NA,NA,NA,NA,NA,NA,NA,NA,NA,NA,NA,NA,NA,NA,NA,NA,NA,NA,NA,NA,NA,NA,NA,NA,NA,NA,NA,NA,NA,NA,NA,NA,NA,NA,NA,NA,NA,NA,NA,NA,NA,NA,NA,NA,NA,NA,NA,NA,NA,NA,NA,NA
Azerbaijan,NA,NA,NA,NA,NA,NA,NA,NA,NA,NA,NA,NA,NA,NA,NA,NA,NA,NA,NA,NA,NA,NA,NA,NA,NA,NA,NA,NA,NA,NA,NA,NA,NA,NA,NA,NA,NA,NA,NA,98.79180145,NA,NA,NA,NA,NA,NA,NA,99.59319305,NA,99.75984192,99.77114105,99.77863312,99.77577209,99.78936005,99.78898621,99.78806305,99.79006195,99.79122925,NA,99.79598236,NA,NA,NA
Burundi,NA,NA,NA,NA,NA,NA,NA,NA,NA,NA,NA,NA,NA,NA,NA,NA,NA,NA,NA,22.50855064,NA,NA,NA,NA,NA,NA,NA,NA,NA,NA,37.38471985,NA,NA,NA,NA,NA,NA,NA,NA,NA,59.30361938,NA,NA,NA,NA,NA,NA,NA,48.08406067,NA,NA,NA,NA,NA,61.51348877,NA,NA,68.37532806,NA,NA,NA,NA,75.54000092
Belgium,NA,NA,NA,NA,NA,NA,NA,NA,NA,NA,NA,NA,NA,NA,NA,NA,NA,NA,NA,NA,NA,NA,NA,NA,NA,NA,NA,NA,NA,NA,NA,NA,NA,NA,NA,NA,NA,NA,NA,NA,NA,NA,NA,NA,NA,NA,NA,NA,NA,NA,NA,NA,NA,NA,NA,NA,NA,NA,NA,NA,NA,NA,NA
Benin,NA,NA,NA,NA,NA,NA,NA,NA,NA,NA,NA,NA,NA,NA,NA,NA,NA,NA,NA,16.48273087,NA,NA,NA,NA,NA,NA,NA,NA,NA,NA,NA,NA,27.24517059,NA,NA,NA,NA,NA,NA,NA,NA,NA,34.65784836,NA,NA,NA,28.70211029,NA,NA,NA,NA,NA,32.94881821,NA,NA,NA,NA,NA,NA,NA,NA,NA,47.09999847
Burkina Faso,NA,NA,NA,NA,NA,NA,NA,NA,NA,NA,NA,NA,NA,NA,NA,8.830229759,NA,NA,NA,NA,NA,NA,NA,NA,NA,NA,NA,NA,NA,NA,NA,13.56923008,NA,NA,NA,NA,12.84817028,NA,NA,NA,NA,NA,NA,21.82291985,NA,23.52219963,22.47257996,28.29365921,NA,NA,NA,NA,NA,NA,34.59939957,NA,NA,NA,39.3458519,29.66328049,NA,NA,34.49000168
Bangladesh,NA,NA,NA,NA,NA,NA,NA,NA,NA,NA,NA,NA,NA,NA,NA,NA,NA,NA,NA,NA,NA,29.22723007,NA,NA,NA,NA,NA,NA,NA,NA,NA,35.31930161,NA,NA,NA,NA,NA,NA,NA,NA,NA,47.48550034,NA,NA,NA,NA,NA,46.66360092,NA,NA,NA,58.7691803,57.86074829,61.01554108,61.09329987,65.1373291,72.7587204,72.89296722,73.91220093,74.6844635,74.9088974,NA,NA
Bulgaria,NA,NA,NA,NA,NA,NA,NA,NA,NA,NA,NA,NA,NA,NA,NA,NA,NA,NA,NA,NA,NA,NA,NA,NA,NA,NA,NA,NA,NA,NA,NA,NA,NA,NA,NA,NA,NA,NA,NA,NA,NA,98.20355988,NA,NA,NA,NA,NA,NA,NA,NA,NA,98.35244751,NA,NA,NA,NA,NA,NA,NA,NA,NA,98.41999817,NA
Bahrain,NA,NA,NA,NA,NA,NA,NA,NA,NA,NA,NA,NA,NA,NA,NA,NA,NA,NA,NA,NA,NA,69.75350952,NA,NA,NA,NA,NA,NA,NA,NA,NA,84.01383209,NA,NA,NA,NA,NA,NA,NA,NA,NA,86.54873657,NA,NA,NA,NA,NA,NA,NA,NA,NA,92.30000305,NA,NA,NA,NA,NA,NA,NA,NA,NA,NA,NA
"Bahamas, The",NA,NA,NA,NA,NA,NA,NA,NA,NA,NA,NA,NA,NA,NA,NA,NA,NA,NA,NA,NA,NA,NA,NA,NA,NA,NA,NA,NA,NA,NA,NA,NA,NA,NA,NA,NA,NA,NA,NA,NA,NA,NA,NA,NA,NA,NA,NA,NA,NA,NA,NA,NA,NA,NA,NA,NA,NA,NA,NA,NA,NA,NA,NA
Bosnia and Herzegovina,NA,NA,NA,NA,NA,NA,NA,NA,NA,NA,NA,NA,NA,NA,NA,NA,NA,NA,NA,NA,NA,NA,NA,NA,NA,NA,NA,NA,NA,NA,NA,89.063591,NA,NA,NA,NA,NA,NA,NA,NA,96.6631012,NA,NA,NA,NA,NA,NA,NA,NA,NA,NA,98.14203644,NA,96.99176788,NA,NA,NA,NA,NA,NA,NA,NA,98.30000305
Belarus,NA,NA,NA,NA,NA,NA,NA,NA,NA,NA,NA,NA,NA,NA,NA,NA,NA,NA,NA,NA,NA,NA,NA,NA,NA,NA,NA,NA,NA,97.88336945,NA,NA,NA,NA,NA,NA,NA,NA,NA,99.59072876,NA,NA,NA,NA,NA,NA,NA,NA,NA,99.6170578,NA,NA,NA,NA,NA,NA,NA,NA,NA,99.87400055,NA,NA,NA
Belize,NA,NA,NA,NA,NA,NA,NA,NA,NA,NA,NA,NA,NA,NA,NA,NA,NA,NA,NA,NA,NA,NA,NA,NA,NA,NA,NA,NA,NA,NA,NA,70.29842377,NA,NA,NA,NA,NA,NA,NA,NA,NA,80.90000153,NA,NA,NA,NA,NA,NA,NA,NA,NA,NA,NA,NA,NA,NA,NA,NA,NA,NA,NA,NA,NA
Bermuda,NA,NA,NA,NA,NA,NA,NA,NA,NA,NA,NA,NA,NA,NA,NA,NA,NA,NA,NA,NA,NA,NA,NA,NA,NA,NA,NA,NA,NA,NA,NA,NA,NA,NA,NA,NA,NA,NA,NA,NA,NA,NA,NA,NA,NA,NA,NA,NA,NA,NA,NA,NA,NA,NA,NA,NA,NA,NA,NA,NA,NA,NA,NA
Bolivia,NA,NA,NA,NA,NA,NA,NA,NA,NA,NA,NA,NA,NA,NA,NA,NA,63.20814896,NA,NA,NA,NA,NA,NA,NA,NA,NA,NA,NA,NA,NA,NA,NA,79.99176788,NA,NA,NA,NA,NA,NA,NA,NA,86.72367096,NA,NA,NA,NA,NA,90.74346924,90.69811249,91.16783142,NA,92.22615051,94.46057129,NA,NA,92.45507813,NA,NA,NA,NA,93.85256195,NA,NA
Brazil,NA,NA,NA,NA,NA,NA,NA,NA,NA,NA,NA,NA,NA,NA,NA,NA,NA,NA,NA,NA,74.58673096,NA,NA,NA,NA,NA,NA,NA,NA,NA,NA,NA,NA,NA,NA,NA,NA,NA,NA,NA,86.36788177,NA,NA,NA,88.61624146,NA,89.61522675,90.0093689,90.03662109,90.29821014,90.37918091,91.41123962,91.33785248,91.48423767,91.72943115,92.04789734,92.80844116,93.07582092,93.22750092,NA,NA,NA,94.69000244
Barbados,NA,NA,NA,NA,NA,NA,NA,NA,NA,NA,99.26808167,NA,NA,NA,NA,NA,NA,NA,NA,NA,99.5,NA,NA,NA,NA,NA,NA,NA,NA,NA,NA,NA,NA,NA,NA,NA,NA,NA,NA,NA,NA,NA,NA,NA,NA,NA,NA,NA,NA,NA,NA,NA,NA,NA,NA,NA,NA,NA,NA,NA,NA,NA,NA
Brunei Darussalam,NA,NA,NA,NA,NA,NA,NA,NA,NA,NA,NA,NA,NA,NA,NA,NA,NA,NA,NA,NA,NA,77.73549652,NA,NA,NA,NA,NA,NA,NA,NA,NA,87.80417633,NA,NA,NA,NA,NA,NA,NA,NA,NA,92.67112732,NA,NA,NA,NA,NA,NA,NA,NA,NA,96.08556366,NA,NA,NA,NA,NA,NA,97.21411133,NA,NA,97.58999634,NA
Bhutan,NA,NA,NA,NA,NA,NA,NA,NA,NA,NA,NA,NA,NA,NA,NA,NA,NA,NA,NA,NA,NA,NA,NA,NA,NA,NA,NA,NA,NA,NA,NA,NA,NA,NA,NA,NA,NA,NA,NA,NA,NA,NA,NA,NA,NA,52.81468964,NA,NA,NA,NA,NA,NA,55.31755829,NA,NA,NA,NA,66.5611496,NA,NA,NA,NA,72.09999847
Botswana,NA,NA,NA,NA,NA,NA,NA,NA,NA,NA,NA,NA,NA,NA,NA,NA,NA,NA,NA,NA,NA,NA,NA,NA,NA,NA,NA,NA,NA,NA,NA,68.58090973,NA,NA,NA,NA,NA,NA,NA,NA,NA,NA,NA,81.18871307,NA,NA,NA,NA,NA,NA,NA,NA,NA,86.82318115,NA,NA,NA,NA,NA,NA,NA,NA,NA
Central African Republic,NA,NA,NA,NA,NA,NA,NA,NA,NA,NA,NA,NA,NA,NA,NA,18.23616982,NA,NA,NA,NA,NA,NA,NA,NA,NA,NA,NA,NA,33.62442017,NA,NA,NA,NA,NA,NA,NA,NA,NA,NA,NA,50.6451683,NA,NA,NA,NA,NA,NA,NA,NA,NA,36.75260925,NA,NA,NA,NA,NA,NA,NA,37.39582062,NA,37.49000168,NA,NA
Canada,NA,NA,NA,NA,NA,NA,NA,NA,NA,NA,NA,NA,NA,NA,NA,NA,NA,NA,NA,NA,NA,NA,NA,NA,NA,NA,NA,NA,NA,NA,NA,NA,NA,NA,NA,NA,NA,NA,NA,NA,NA,NA,NA,NA,NA,NA,NA,NA,NA,NA,NA,NA,NA,NA,NA,NA,NA,NA,NA,NA,NA,NA,NA
Central Europe and the Baltics,NA,NA,NA,NA,NA,NA,NA,NA,NA,NA,NA,NA,NA,NA,NA,NA,NA,NA,NA,NA,NA,NA,97.97561646,97.99900055,98.03502655,98.06433868,98.0940094,98.12998199,98.21289063,98.27741241,98.34538269,98.40634918,98.46269989,98.51394653,98.56429291,98.61206818,NA,NA,NA,NA,NA,NA,NA,NA,NA,NA,NA,NA,NA,NA,NA,NA,NA,99.29846954,99.31572723,99.3327713,99.35350037,99.37042999,99.38723755,99.4021225,99.41718292,99.42526245,99.42752075
Switzerland,NA,NA,NA,NA,NA,NA,NA,NA,NA,NA,NA,NA,NA,NA,NA,NA,NA,NA,NA,NA,NA,NA,NA,NA,NA,NA,NA,NA,NA,NA,NA,NA,NA,NA,NA,NA,NA,NA,NA,NA,NA,NA,NA,NA,NA,NA,NA,NA,NA,NA,NA,NA,NA,NA,NA,NA,NA,NA,NA,NA,NA,NA,NA
Channel Islands,NA,NA,NA,NA,NA,NA,NA,NA,NA,NA,NA,NA,NA,NA,NA,NA,NA,NA,NA,NA,NA,NA,NA,NA,NA,NA,NA,NA,NA,NA,NA,NA,NA,NA,NA,NA,NA,NA,NA,NA,NA,NA,NA,NA,NA,NA,NA,NA,NA,NA,NA,NA,NA,NA,NA,NA,NA,NA,NA,NA,NA,NA,NA
Chile,NA,NA,NA,NA,NA,NA,NA,NA,NA,NA,NA,NA,NA,NA,NA,NA,NA,NA,NA,NA,NA,NA,91.12840271,NA,NA,NA,NA,NA,NA,NA,NA,NA,94.2911377,NA,NA,NA,NA,NA,NA,NA,NA,NA,95.7166214,NA,NA,NA,NA,NA,NA,NA,NA,96.70301056,NA,96.26705933,NA,96.87413025,NA,96.40228271,NA,NA,NA,NA,97.16000366
China,NA,NA,NA,NA,NA,NA,NA,NA,NA,NA,NA,NA,NA,NA,NA,NA,NA,NA,NA,NA,NA,NA,65.50508881,NA,NA,NA,NA,NA,NA,NA,77.78505707,NA,NA,NA,NA,NA,NA,NA,NA,NA,90.92021179,NA,NA,NA,NA,NA,NA,NA,NA,NA,95.1244812,NA,NA,NA,NA,NA,NA,NA,NA,NA,97.15000153,NA,NA
Cote d'Ivoire,NA,NA,NA,NA,NA,NA,NA,NA,NA,NA,NA,NA,NA,NA,NA,NA,NA,NA,NA,NA,NA,NA,NA,NA,NA,NA,NA,NA,34.13927841,NA,NA,NA,NA,NA,NA,NA,NA,NA,36.3502388,NA,48.7407608,NA,NA,NA,NA,NA,NA,NA,NA,NA,NA,NA,40.98162842,NA,43.90842056,NA,NA,NA,NA,89.89341736,NA,NA,NA
Cameroon,NA,NA,NA,NA,NA,NA,NA,NA,NA,NA,NA,NA,NA,NA,NA,NA,41.21620941,NA,NA,NA,NA,NA,NA,NA,NA,NA,NA,NA,NA,NA,NA,NA,NA,NA,NA,NA,NA,NA,NA,NA,68.4091568,NA,NA,NA,NA,NA,NA,70.67993927,NA,NA,71.29051208,NA,NA,NA,NA,NA,NA,NA,77.07103729,NA,78.23000336,NA,NA
"Congo, Dem. Rep.",NA,NA,NA,NA,NA,NA,NA,NA,NA,NA,NA,NA,NA,NA,NA,NA,NA,NA,NA,NA,NA,NA,NA,NA,NA,NA,NA,NA,NA,NA,NA,NA,NA,NA,NA,NA,NA,NA,NA,NA,NA,67.17298889,NA,NA,NA,NA,NA,61.20555115,NA,NA,NA,NA,75.01718903,NA,NA,NA,77.04267883,NA,NA,NA,NA,NA,80.54000092
"Congo, Rep.",NA,NA,NA,NA,NA,NA,NA,NA,NA,NA,NA,NA,NA,NA,NA,NA,NA,NA,NA,NA,NA,NA,NA,NA,59.61912155,NA,NA,NA,NA,NA,NA,NA,NA,NA,NA,NA,NA,NA,NA,NA,NA,NA,NA,NA,NA,76.11479187,NA,NA,NA,NA,NA,79.31117249,NA,NA,NA,NA,NA,NA,NA,NA,NA,80.61000061,NA
Colombia,NA,NA,NA,NA,NA,NA,NA,NA,NA,NA,NA,NA,NA,NA,NA,NA,NA,NA,NA,NA,NA,NA,NA,NA,NA,NA,NA,NA,NA,NA,NA,NA,NA,91.06308746,NA,NA,91.20716095,NA,NA,NA,NA,NA,NA,NA,92.8037796,92.84866333,92.29968262,92.6517868,93.37818146,93.24468994,93.37232971,93.58052826,NA,NA,94.18624878,94.24504852,94.65384674,NA,95.09250641,95.24926758,95.63632965,NA,NA
Comoros,NA,NA,NA,NA,NA,NA,NA,NA,NA,NA,NA,NA,NA,NA,NA,NA,NA,NA,NA,NA,47.91923141,NA,NA,NA,NA,NA,NA,NA,NA,NA,NA,NA,NA,NA,NA,NA,NA,NA,NA,NA,68.48922729,NA,NA,NA,NA,NA,NA,NA,NA,NA,NA,NA,49.19614029,NA,NA,NA,NA,NA,NA,NA,NA,NA,61.70999908
Cabo Verde,NA,NA,NA,NA,NA,NA,NA,NA,NA,NA,NA,NA,NA,NA,NA,NA,NA,NA,NA,NA,NA,NA,NA,NA,NA,NA,NA,NA,NA,NA,62.79685974,NA,NA,NA,NA,NA,NA,NA,NA,NA,76.11044312,NA,NA,NA,NA,NA,NA,NA,NA,NA,NA,NA,85.32778931,NA,NA,86.79029083,NA,NA,NA,NA,NA,NA,91
Costa Rica,NA,NA,NA,NA,NA,NA,NA,NA,NA,NA,NA,NA,NA,NA,NA,NA,NA,NA,NA,NA,NA,NA,NA,NA,92.62904358,NA,NA,NA,NA,NA,NA,NA,NA,NA,NA,NA,NA,NA,NA,NA,94.86818695,NA,NA,NA,NA,NA,NA,NA,NA,NA,NA,97.40657806,NA,NA,NA,NA,NA,NA,NA,NA,NA,98.04000092,NA
Caribbean small states,NA,NA,NA,NA,NA,NA,NA,NA,NA,NA,NA,NA,NA,NA,NA,NA,NA,NA,NA,NA,NA,NA,NA,NA,NA,NA,NA,NA,NA,NA,NA,NA,NA,86.84326935,86.90708923,87.20751953,87.50779724,87.80108643,88.09161377,87.37037659,88.73568726,89.12944031,89.37949371,89.61123657,89.82518768,90.10466003,90.25871277,90.83067322,91.03929138,NA,NA,NA,NA,NA,NA,NA,NA,NA,NA,NA,NA,NA,NA
Cuba,NA,NA,NA,NA,NA,NA,NA,NA,NA,NA,NA,NA,NA,NA,NA,NA,NA,NA,NA,NA,NA,97.84664917,NA,NA,NA,NA,NA,NA,NA,NA,NA,NA,NA,NA,NA,NA,NA,NA,NA,NA,NA,NA,99.79907227,NA,NA,NA,NA,NA,NA,NA,NA,NA,99.67311096,NA,NA,NA,NA,NA,NA,NA,NA,99.67311096,NA
Curacao,NA,NA,NA,NA,NA,NA,NA,NA,NA,NA,NA,NA,NA,NA,NA,NA,NA,NA,NA,NA,NA,NA,NA,NA,NA,NA,NA,NA,NA,NA,NA,NA,NA,NA,NA,NA,NA,NA,NA,NA,NA,NA,NA,NA,NA,NA,NA,NA,NA,NA,NA,NA,NA,NA,NA,NA,NA,NA,NA,NA,NA,NA,NA
Cayman Islands,NA,NA,NA,NA,NA,NA,NA,NA,NA,NA,NA,NA,NA,NA,NA,NA,NA,NA,NA,NA,NA,NA,NA,NA,NA,NA,NA,NA,NA,NA,NA,NA,NA,NA,NA,NA,NA,NA,NA,NA,NA,NA,NA,NA,NA,NA,NA,98.86782074,NA,NA,NA,NA,NA,NA,NA,NA,NA,98.86782074,NA,NA,NA,NA,NA
Cyprus,NA,NA,NA,NA,NA,NA,NA,NA,NA,NA,NA,NA,NA,NA,NA,NA,NA,NA,NA,NA,NA,NA,NA,NA,NA,NA,NA,NA,NA,NA,NA,NA,94.36247253,NA,NA,NA,NA,NA,NA,NA,NA,96.80362701,NA,NA,NA,NA,NA,NA,NA,NA,NA,98.67842865,NA,NA,NA,NA,NA,NA,NA,NA,NA,99.36000061,NA
Czechia,NA,NA,NA,NA,NA,NA,NA,NA,NA,NA,NA,NA,NA,NA,NA,NA,NA,NA,NA,NA,NA,NA,NA,NA,NA,NA,NA,NA,NA,NA,NA,NA,NA,NA,NA,NA,NA,NA,NA,NA,NA,NA,NA,NA,NA,NA,NA,NA,NA,NA,NA,NA,NA,NA,NA,NA,NA,NA,NA,NA,NA,NA,NA
Germany,NA,NA,NA,NA,NA,NA,NA,NA,NA,NA,NA,NA,NA,NA,NA,NA,NA,NA,NA,NA,NA,NA,NA,NA,NA,NA,NA,NA,NA,NA,NA,NA,NA,NA,NA,NA,NA,NA,NA,NA,NA,NA,NA,NA,NA,NA,NA,NA,NA,NA,NA,NA,NA,NA,NA,NA,NA,NA,NA,NA,NA,NA,NA
Djibouti,NA,NA,NA,NA,NA,NA,NA,NA,NA,NA,NA,NA,NA,NA,NA,NA,NA,NA,NA,NA,NA,NA,NA,NA,NA,NA,NA,NA,NA,NA,NA,NA,NA,NA,NA,NA,NA,NA,NA,NA,NA,NA,NA,NA,NA,NA,NA,NA,NA,NA,NA,NA,NA,NA,NA,NA,NA,NA,NA,NA,NA,NA,NA
Dominica,NA,NA,NA,NA,NA,NA,NA,NA,NA,NA,NA,NA,NA,NA,NA,NA,NA,NA,NA,NA,NA,NA,NA,NA,NA,NA,NA,NA,NA,NA,NA,NA,NA,NA,NA,NA,NA,NA,NA,NA,NA,NA,NA,NA,NA,NA,NA,NA,NA,NA,NA,NA,NA,NA,NA,NA,NA,NA,NA,NA,NA,NA,NA
Denmark,NA,NA,NA,NA,NA,NA,NA,NA,NA,NA,NA,NA,NA,NA,NA,NA,NA,NA,NA,NA,NA,NA,NA,NA,NA,NA,NA,NA,NA,NA,NA,NA,NA,NA,NA,NA,NA,NA,NA,NA,NA,NA,NA,NA,NA,NA,NA,NA,NA,NA,NA,NA,NA,NA,NA,NA,NA,NA,NA,NA,NA,NA,NA
Dominican Republic,NA,NA,NA,NA,NA,NA,NA,NA,NA,NA,NA,NA,NA,NA,NA,NA,NA,NA,NA,NA,NA,73.06456757,NA,NA,NA,NA,NA,NA,NA,NA,NA,NA,NA,NA,NA,NA,NA,NA,NA,NA,NA,NA,86.99646759,NA,NA,NA,NA,88.24446106,NA,NA,89.53872681,90.10637665,90.15518188,90.85814667,91.76376343,91.99121094,93.77845764,NA,NA,NA,NA,NA,95.5
Algeria,NA,NA,NA,NA,NA,NA,NA,NA,NA,NA,NA,NA,NA,NA,NA,NA,NA,NA,NA,NA,NA,NA,NA,NA,NA,NA,NA,49.63087845,NA,NA,NA,NA,NA,NA,NA,NA,NA,NA,NA,NA,NA,NA,69.87349701,NA,NA,NA,72.64868164,NA,75.13604736,NA,NA,NA,NA,NA,NA,NA,NA,NA,81.40783691,NA,NA,NA,NA
East Asia & Pacific (excluding high income),NA,NA,NA,NA,NA,NA,NA,NA,NA,NA,NA,NA,NA,NA,NA,NA,63.69446945,63.85950851,65.0514679,66.38844299,67.03752899,68.75820923,69.42568207,70.83397675,71.91036224,72.93437195,73.8549118,75.09319305,79.31362152,80.013237,79.82717133,81.20288849,81.76083374,82.26531219,82.84564972,83.42694855,83.94532013,89.52683258,89.90644836,90.20400238,90.51062012,90.92166901,91.259552,91.59902954,91.92951965,92.22669983,92.63806915,93.75110626,94.01068115,94.31404877,94.49054718,94.23133087,94.40514374,94.50150299,94.95567322,95.15975952,95.32141876,95.48628235,95.58525848,95.96350861,96.27159119,96.29737091,NA
Early-demographic dividend,NA,NA,NA,NA,NA,NA,NA,NA,NA,NA,NA,NA,NA,NA,NA,48.93144989,49.15468979,49.75984955,50.37120819,50.96118164,51.03834152,51.83272934,52.76974869,53.3884697,54.17229843,54.81010818,55.44052124,56.32580948,57.06465912,57.7493515,58.63788986,59.1237793,60.11907959,60.93209076,61.70769119,62.51811981,63.25254822,63.92736053,66.91123199,67.54734802,68.20599365,68.67009735,69.37828827,70.40991211,71.18106079,70.92756653,70.81285095,72.04563141,72.84750366,73.67620087,75.25946045,75.28125,75.88291931,76.36637115,77.2513504,77.99147797,78.60655212,78.97360992,79.19458008,79.49398041,79.96138763,80.35800171,80.82801056
East Asia & Pacific,NA,NA,NA,NA,NA,NA,NA,NA,NA,NA,NA,NA,NA,NA,NA,NA,65.69100189,65.87666321,66.96806335,68.18392944,68.7624588,70.37612915,70.9697113,72.2486496,73.2317276,74.16797638,75.00071716,76.17424774,79.9597702,80.60751343,80.46115112,81.70510864,82.22357178,82.68984222,83.24620056,83.79772186,84.29003906,89.27748871,89.64008331,89.96095276,90.24881744,90.64380646,90.98892212,91.35196686,91.69667053,92.01265717,92.41628265,93.44074249,93.72557831,94.02799225,94.12464142,93.83103943,94.02285004,94.12432098,94.6579895,94.86949921,95.03397369,95.20587921,95.30793762,95.70822144,96.00154877,96.03774261,NA
Europe & Central Asia (excluding high income),NA,NA,NA,NA,NA,NA,NA,NA,NA,NA,NA,NA,NA,NA,NA,NA,NA,NA,NA,NA,NA,NA,NA,93.67173767,94.52513885,94.71340942,94.9094696,95.1004715,95.29019165,95.38358307,95.56111908,95.69683838,95.81835938,95.93470001,96.04705048,96.15783691,96.33358002,96.44084167,96.76509094,96.8602066,97.04724884,97.13098145,97.2120285,97.2931366,97.35060883,97.49954987,97.45533752,97.54762268,97.65766907,98.04763031,98.36354065,98.62870789,98.75997925,98.80506134,98.8331604,98.85582733,98.98377991,98.98262787,99.1621933,99.18015289,99.26638031,99.30091858,99.32569122
Europe & Central Asia,NA,NA,NA,NA,NA,NA,NA,NA,NA,NA,NA,NA,NA,NA,NA,NA,NA,NA,NA,NA,NA,NA,NA,NA,NA,NA,NA,NA,NA,NA,NA,NA,NA,NA,95.72280121,95.85668182,96.01994324,96.14668274,96.29170227,96.40454102,96.49407196,96.58609772,96.76737213,96.86624908,96.94808197,97.1132431,97.14115906,97.24182129,97.3537674,97.41368103,97.74727631,97.88420868,97.9875412,98.05367279,98.096138,98.13864899,98.23153687,98.27937317,98.39640808,98.43328094,98.50482941,98.52377319,98.5410614
Ecuador,NA,NA,NA,NA,NA,NA,NA,NA,NA,NA,NA,NA,NA,NA,NA,NA,NA,NA,NA,NA,NA,NA,83.5526886,NA,NA,NA,NA,NA,NA,NA,88.29875946,NA,NA,NA,NA,NA,NA,NA,NA,NA,NA,90.98403168,NA,NA,NA,NA,NA,92.0967865,92.3900528,92.24976349,91.85404205,91.5868988,92.06472778,93.29463196,94.22264099,94.45565796,94.35022736,92.82978821,NA,NA,93.62609863,94.48358917,93.94812012
"Egypt, Arab Rep.",NA,NA,NA,NA,NA,NA,NA,NA,NA,NA,NA,NA,NA,NA,NA,NA,38.19675827,NA,NA,NA,NA,NA,NA,NA,NA,NA,44.42398834,NA,NA,NA,NA,NA,NA,NA,NA,NA,55.5870018,NA,NA,NA,NA,NA,NA,NA,NA,67.33187103,66.36991119,NA,NA,NA,72.04785156,NA,73.86559296,72.44249725,NA,NA,NA,71.16825104,NA,NA,NA,NA,74.5
Euro area,NA,NA,NA,NA,NA,NA,NA,NA,NA,NA,NA,NA,NA,NA,NA,NA,NA,NA,NA,NA,NA,NA,NA,NA,NA,NA,NA,NA,NA,NA,NA,NA,NA,NA,NA,NA,NA,NA,NA,NA,NA,NA,NA,NA,NA,NA,NA,NA,NA,NA,NA,NA,NA,NA,NA,NA,NA,NA,NA,NA,NA,NA,NA
Eritrea,NA,NA,NA,NA,NA,NA,NA,NA,NA,NA,NA,NA,NA,NA,NA,NA,NA,NA,NA,NA,NA,NA,NA,NA,NA,NA,NA,NA,NA,NA,NA,NA,NA,NA,NA,NA,NA,NA,NA,NA,NA,NA,52.51395035,NA,NA,NA,NA,NA,64.6629715,NA,NA,NA,NA,NA,NA,NA,NA,NA,76.57051849,NA,NA,NA,NA
Spain,NA,NA,NA,NA,NA,NA,NA,NA,NA,NA,NA,NA,NA,NA,NA,NA,NA,NA,NA,NA,NA,92.80976868,NA,NA,NA,NA,NA,NA,NA,NA,NA,96.49497223,NA,NA,NA,NA,NA,NA,NA,NA,NA,NA,NA,NA,97.16512299,97.75068665,97.75213623,97.93884277,97.6306076,97.67926788,97.74890137,97.78375244,97.89453888,98.07913208,98.09371948,98.14325714,98.25051117,NA,98.43650055,NA,98.59445953,NA,NA
Estonia,NA,NA,NA,NA,NA,NA,NA,NA,NA,NA,NA,NA,NA,NA,NA,NA,NA,NA,NA,NA,NA,NA,NA,NA,NA,NA,NA,NA,NA,99.72644043,NA,NA,NA,NA,NA,NA,NA,NA,NA,NA,99.76719666,NA,NA,NA,NA,NA,NA,NA,NA,NA,NA,99.88578796,NA,NA,NA,NA,NA,NA,NA,NA,NA,99.87000275,NA
Ethiopia,NA,NA,NA,NA,NA,NA,NA,NA,NA,NA,NA,NA,NA,NA,NA,NA,NA,NA,NA,NA,NA,NA,NA,NA,NA,NA,NA,NA,NA,NA,NA,NA,NA,NA,27.01135063,NA,NA,NA,NA,NA,NA,NA,NA,NA,35.90000153,29.8203392,NA,38.99597931,NA,NA,NA,NA,NA,NA,NA,NA,NA,51.7711792,NA,NA,NA,NA,NA
European Union,NA,NA,NA,NA,NA,NA,NA,NA,NA,NA,NA,NA,NA,NA,NA,NA,NA,NA,NA,NA,NA,NA,NA,NA,NA,NA,NA,NA,NA,NA,NA,NA,NA,NA,NA,NA,NA,NA,NA,NA,NA,NA,NA,NA,NA,NA,NA,NA,NA,NA,NA,NA,NA,NA,NA,NA,NA,NA,NA,NA,NA,NA,NA
Fragile and conflict affected situations,NA,NA,NA,NA,NA,NA,NA,NA,NA,NA,NA,NA,NA,NA,NA,NA,NA,NA,NA,NA,NA,NA,NA,NA,NA,NA,57.98574066,58.51531982,59.02735901,59.42491913,59.93983841,60.4063797,60.50907135,60.70438004,61.36167145,61.74964142,62.08238983,62.62300873,63.24134064,63.69145966,61.75202942,62.54024124,63.00466919,62.81544876,64.24478149,63.72245026,64.91401672,62.29584122,62.33013153,61.87673187,62.16030884,62.11343002,63.70351028,63.07292175,64.91387177,63.89595032,65.76959991,66.55715179,64.94509888,65.62600708,65.47673798,65.60453796,65.55536652
Finland,NA,NA,NA,NA,NA,NA,NA,NA,NA,NA,NA,NA,NA,NA,NA,NA,NA,NA,NA,NA,NA,NA,NA,NA,NA,NA,NA,NA,NA,NA,NA,NA,NA,NA,NA,NA,NA,NA,NA,NA,NA,NA,NA,NA,NA,NA,NA,NA,NA,NA,NA,NA,NA,NA,NA,NA,NA,NA,NA,NA,NA,NA,NA
Fiji,NA,NA,NA,NA,NA,NA,NA,NA,NA,NA,NA,NA,NA,NA,NA,NA,NA,NA,NA,NA,NA,NA,NA,NA,NA,NA,NA,NA,NA,NA,NA,NA,NA,NA,NA,NA,NA,NA,NA,NA,NA,NA,NA,NA,NA,NA,NA,NA,NA,NA,NA,NA,NA,NA,NA,NA,NA,NA,NA,NA,NA,NA,NA
France,NA,NA,NA,NA,NA,NA,NA,NA,NA,NA,NA,NA,NA,NA,NA,NA,NA,NA,NA,NA,NA,NA,NA,NA,NA,NA,NA,NA,NA,NA,NA,NA,NA,NA,NA,NA,NA,NA,NA,NA,NA,NA,NA,NA,NA,NA,NA,NA,NA,NA,NA,NA,NA,NA,NA,NA,NA,NA,NA,NA,NA,NA,NA
Faroe Islands,NA,NA,NA,NA,NA,NA,NA,NA,NA,NA,NA,NA,NA,NA,NA,NA,NA,NA,NA,NA,NA,NA,NA,NA,NA,NA,NA,NA,NA,NA,NA,NA,NA,NA,NA,NA,NA,NA,NA,NA,NA,NA,NA,NA,NA,NA,NA,NA,NA,NA,NA,NA,NA,NA,NA,NA,NA,NA,NA,NA,NA,NA,NA
"Micronesia, Fed. Sts.",NA,NA,NA,NA,NA,NA,NA,NA,NA,NA,NA,NA,NA,NA,NA,NA,NA,NA,NA,NA,NA,NA,NA,NA,NA,NA,NA,NA,NA,NA,NA,NA,NA,NA,NA,NA,NA,NA,NA,NA,NA,NA,NA,NA,NA,NA,NA,NA,NA,NA,NA,NA,NA,NA,NA,NA,NA,NA,NA,NA,NA,NA,NA
Gabon,NA,NA,NA,NA,NA,NA,NA,NA,NA,NA,NA,NA,NA,NA,NA,NA,NA,NA,NA,NA,NA,NA,NA,NA,NA,NA,NA,NA,NA,NA,NA,NA,NA,72.2336731,NA,NA,NA,NA,NA,NA,NA,NA,NA,NA,NA,NA,NA,NA,NA,NA,NA,NA,82.28379822,NA,NA,NA,NA,NA,NA,NA,NA,NA,85.69000244
United Kingdom,NA,NA,NA,NA,NA,NA,NA,NA,NA,NA,NA,NA,NA,NA,NA,NA,NA,NA,NA,NA,NA,NA,NA,NA,NA,NA,NA,NA,NA,NA,NA,NA,NA,NA,NA,NA,NA,NA,NA,NA,NA,NA,NA,NA,NA,NA,NA,NA,NA,NA,NA,NA,NA,NA,NA,NA,NA,NA,NA,NA,NA,NA,NA
Georgia,NA,NA,NA,NA,NA,NA,NA,NA,NA,NA,NA,NA,NA,NA,NA,NA,NA,NA,NA,NA,NA,NA,NA,NA,NA,NA,NA,NA,NA,NA,NA,NA,NA,NA,NA,NA,NA,NA,NA,NA,NA,NA,99.65235138,NA,NA,NA,NA,NA,NA,NA,NA,NA,NA,NA,99.58618927,NA,NA,99.36425781,NA,NA,NA,NA,99.57498932
Ghana,NA,NA,NA,NA,NA,NA,NA,NA,NA,NA,NA,NA,NA,NA,NA,NA,NA,NA,NA,NA,NA,NA,NA,NA,NA,NA,NA,NA,NA,NA,NA,NA,NA,NA,NA,NA,NA,NA,NA,NA,57.89746857,NA,NA,NA,NA,NA,NA,NA,NA,NA,71.49707031,NA,NA,NA,NA,NA,NA,NA,NA,NA,80.37999725,NA,NA
Gibraltar,NA,NA,NA,NA,NA,NA,NA,NA,NA,NA,NA,NA,NA,NA,NA,NA,NA,NA,NA,NA,NA,NA,NA,NA,NA,NA,NA,NA,NA,NA,NA,NA,NA,NA,NA,NA,NA,NA,NA,NA,NA,NA,NA,NA,NA,NA,NA,NA,NA,NA,NA,NA,NA,NA,NA,NA,NA,NA,NA,NA,NA,NA,NA
Guinea,NA,NA,NA,NA,NA,NA,NA,NA,NA,NA,NA,NA,NA,NA,NA,NA,NA,NA,NA,NA,NA,NA,NA,NA,NA,NA,NA,NA,NA,NA,NA,NA,NA,NA,NA,NA,20.55374908,NA,NA,NA,NA,NA,NA,29.70401955,NA,NA,NA,NA,NA,NA,25.30773926,NA,NA,NA,32.0038414,NA,NA,NA,39.6176796,NA,NA,45.33000183,NA
"Gambia, The",NA,NA,NA,NA,NA,NA,NA,NA,NA,NA,NA,NA,NA,NA,NA,NA,NA,NA,NA,NA,NA,NA,NA,NA,NA,NA,NA,NA,NA,NA,NA,NA,NA,NA,NA,NA,NA,NA,NA,NA,36.81772995,NA,NA,NA,NA,NA,NA,NA,NA,NA,NA,NA,NA,41.95005035,NA,50.77796936,NA,NA,NA,NA,NA,NA,58.66999817
Guinea-Bissau,NA,NA,NA,NA,NA,NA,NA,NA,NA,NA,NA,NA,NA,NA,NA,NA,NA,NA,NA,19.95825005,NA,NA,NA,NA,NA,NA,NA,NA,NA,NA,NA,NA,NA,NA,NA,NA,NA,NA,NA,NA,41.35776901,NA,NA,NA,NA,NA,NA,NA,NA,NA,NA,NA,NA,NA,45.5811615,NA,NA,NA,NA,NA,NA,NA,53.90000153
Equatorial Guinea,NA,NA,NA,NA,NA,NA,NA,NA,NA,NA,NA,NA,NA,NA,NA,NA,NA,NA,NA,NA,NA,NA,NA,NA,NA,NA,NA,NA,NA,NA,NA,NA,NA,NA,NA,NA,NA,NA,NA,NA,88.3082962,NA,NA,NA,NA,NA,NA,NA,NA,NA,94.3705368,NA,NA,NA,NA,NA,NA,NA,NA,NA,NA,NA,NA
Greece,NA,NA,NA,NA,NA,NA,NA,NA,NA,NA,NA,NA,NA,NA,NA,NA,NA,NA,NA,NA,NA,90.51232147,NA,NA,NA,NA,NA,NA,NA,NA,NA,92.61045074,NA,NA,NA,NA,NA,NA,NA,NA,NA,95.99436188,NA,NA,NA,NA,NA,NA,NA,93.90511322,NA,NA,NA,NA,NA,NA,NA,NA,NA,NA,NA,NA,NA
Grenada,NA,NA,NA,NA,NA,NA,NA,NA,NA,NA,97.79447174,NA,NA,NA,NA,NA,NA,NA,NA,NA,98.40000153,NA,NA,NA,NA,NA,NA,NA,NA,NA,NA,NA,NA,NA,NA,NA,NA,NA,NA,NA,NA,NA,NA,NA,NA,NA,NA,NA,NA,NA,NA,NA,NA,NA,NA,NA,NA,NA,NA,NA,NA,NA,NA
Greenland,NA,NA,NA,NA,NA,NA,NA,NA,NA,NA,NA,NA,NA,NA,NA,NA,NA,NA,NA,NA,NA,NA,NA,NA,NA,NA,NA,NA,NA,NA,NA,NA,NA,NA,NA,NA,NA,NA,NA,NA,NA,NA,NA,NA,NA,NA,NA,NA,NA,NA,NA,NA,NA,NA,NA,NA,NA,NA,NA,NA,NA,NA,NA
Guatemala,NA,NA,NA,NA,NA,NA,NA,NA,NA,NA,NA,NA,NA,NA,NA,NA,NA,NA,NA,NA,NA,NA,NA,NA,NA,NA,NA,NA,NA,NA,NA,NA,NA,NA,64.2116394,NA,NA,NA,NA,NA,NA,NA,69.10173035,NA,NA,NA,NA,NA,NA,NA,NA,NA,78.26486206,77.0386734,81.2858963,NA,NA,NA,80.81067657,NA,NA,NA,84.26999664
Guam,NA,NA,NA,NA,NA,NA,NA,NA,NA,NA,NA,NA,NA,NA,NA,NA,NA,NA,NA,NA,96.42064667,NA,NA,NA,NA,NA,NA,NA,NA,NA,99.36914825,NA,NA,NA,NA,NA,NA,NA,NA,NA,99.55999756,NA,NA,NA,NA,NA,NA,NA,NA,NA,NA,NA,NA,NA,NA,NA,NA,NA,NA,NA,NA,NA,NA
Guyana,NA,NA,NA,NA,NA,NA,NA,NA,NA,NA,NA,NA,NA,NA,NA,NA,NA,NA,NA,NA,NA,NA,NA,NA,NA,NA,NA,NA,NA,NA,NA,NA,NA,NA,NA,NA,NA,NA,NA,NA,NA,NA,NA,NA,NA,NA,NA,NA,NA,84.99401093,NA,NA,NA,NA,85.63973236,NA,NA,NA,NA,NA,NA,NA,90.02999878
High income,NA,NA,NA,NA,NA,NA,NA,NA,NA,NA,NA,NA,NA,NA,NA,NA,NA,NA,NA,NA,NA,NA,NA,NA,NA,NA,NA,NA,NA,NA,NA,NA,NA,NA,NA,NA,NA,NA,NA,NA,NA,NA,NA,NA,NA,NA,NA,NA,NA,NA,NA,NA,NA,NA,NA,NA,NA,NA,NA,NA,NA,NA,NA
"Hong Kong SAR, China",NA,NA,NA,NA,NA,NA,NA,NA,NA,NA,NA,NA,NA,NA,NA,NA,NA,NA,NA,NA,NA,NA,NA,NA,NA,NA,NA,NA,NA,NA,NA,NA,NA,NA,NA,NA,NA,NA,NA,NA,NA,NA,NA,NA,NA,NA,NA,NA,NA,NA,NA,NA,NA,NA,NA,NA,NA,NA,NA,NA,NA,NA,NA
Honduras,NA,NA,NA,NA,NA,NA,NA,NA,NA,NA,NA,NA,NA,NA,NA,NA,NA,NA,NA,NA,NA,NA,NA,NA,NA,NA,NA,NA,NA,NA,NA,NA,NA,NA,NA,NA,NA,NA,NA,NA,NA,80.0110321,NA,NA,NA,NA,NA,83.58898926,NA,NA,84.75536346,85.12329865,85.35555267,85.4644165,87.19753265,87.90682983,88.98748016,NA,87.20523834,88.50743103,NA,NA,NA
Heavily indebted poor countries (HIPC),NA,NA,NA,NA,NA,NA,NA,NA,NA,NA,NA,NA,NA,NA,NA,NA,NA,NA,NA,NA,NA,NA,NA,NA,NA,NA,43.52944183,44.14019012,44.51099014,45.1465683,45.72388077,46.06182098,46.38306046,46.75841141,47.34815979,47.36819077,47.83016968,48.57666016,49.08264923,49.91112137,50.49876022,51.86756134,52.37380981,52.95256042,54.37559891,53.61996078,52.07809067,53.55432129,53.89402008,54.03974915,54.88135147,56.94076157,58.23162842,59.26762009,60.12533188,60.60031891,61.43769836,62.5403595,63.87129974,64.20760345,64.4329071,64.94760132,65.21852112
Croatia,NA,NA,NA,NA,NA,NA,NA,NA,NA,NA,NA,NA,NA,NA,NA,NA,NA,NA,NA,NA,NA,NA,NA,NA,NA,NA,NA,NA,NA,NA,NA,96.70155334,NA,NA,NA,NA,NA,NA,NA,NA,NA,98.14668274,NA,NA,NA,NA,NA,NA,NA,NA,NA,NA,NA,NA,NA,NA,NA,NA,NA,NA,NA,99.44999695,NA
Haiti,NA,NA,NA,NA,NA,NA,NA,NA,NA,NA,NA,NA,NA,NA,NA,NA,NA,NA,NA,NA,NA,NA,34.73469162,NA,NA,NA,NA,NA,NA,NA,NA,NA,NA,NA,NA,NA,NA,NA,NA,NA,NA,NA,NA,58.7439003,NA,NA,48.68502045,NA,NA,NA,NA,NA,NA,NA,NA,NA,61.69134903,NA,NA,NA,NA,NA,NA
Hungary,NA,NA,NA,NA,NA,NA,NA,NA,NA,NA,NA,NA,NA,NA,NA,NA,NA,NA,NA,NA,98.85829163,NA,NA,NA,NA,NA,NA,NA,NA,NA,99.09999847,NA,NA,NA,NA,NA,NA,NA,NA,NA,NA,NA,NA,NA,NA,NA,NA,NA,NA,NA,NA,NA,NA,NA,NA,NA,NA,NA,NA,NA,NA,99.09999847,NA
IBRD only,NA,NA,NA,NA,NA,NA,NA,NA,NA,NA,NA,NA,NA,NA,NA,61.72467041,61.90140915,62.2448616,63.09381866,63.98891068,64.55648804,65.509758,66.24497223,67.1964798,68.07701111,68.86338806,69.5947113,70.46546173,72.76802063,73.41287994,73.70613861,74.54901886,75.14839172,75.6398468,76.13308716,76.66973877,77.17681122,80.0826416,81.67324829,82.04351807,82.435112,82.78579712,83.19442749,83.84065247,84.19743347,84.20220947,84.24806976,85.3633194,85.73014069,86.11312866,86.7403183,87.03186035,87.52567291,87.54840851,88.22576904,88.2912674,88.67746735,88.87299347,88.86550903,88.92180634,89.25656891,89.44875336,89.7009964
IDA & IBRD total,NA,NA,NA,NA,NA,NA,NA,NA,NA,NA,NA,NA,NA,NA,NA,58.61904144,58.77872849,59.10680008,59.85342026,60.64067841,61.15826035,61.97893143,62.65554047,63.4993515,64.29026794,65.00496674,65.67150116,66.48439789,68.53090668,69.16275787,69.50884247,70.27472687,70.89208984,71.42093658,71.93058014,72.44700623,72.94412231,75.43274689,76.93872833,77.34941101,77.51998138,77.93196869,78.36950684,78.97937775,79.44197083,79.34858704,79.45588684,80.01834869,80.39851379,80.73847961,81.53160095,81.74060059,82.26917267,82.39597321,83.04853058,83.24572754,83.80438995,84.07853699,84.14116669,84.30989075,84.57224274,84.75753021,84.9614563
IDA total,NA,NA,NA,NA,NA,NA,NA,NA,NA,NA,NA,NA,NA,NA,NA,NA,NA,NA,NA,NA,44.74169159,44.92174149,45.31528854,45.63879013,45.99681854,46.36524963,46.71875,47.25220108,48.06177139,48.63077164,49.23200989,49.74097824,50.60216141,51.48328018,52.27946854,52.89447021,53.53429031,54.28516006,55.57368088,56.3768692,55.77058029,56.65943909,57.41339111,58.04425812,59.1410408,58.80606842,59.35240173,57.84220886,58.52267075,58.9231987,60.64820099,60.7924881,61.72723007,62.48302841,63.24087143,64.15737915,65.57830811,66.39292908,66.96530914,67.80330658,68.07631683,68.51959229,68.83825684
IDA blend,NA,NA,NA,NA,NA,NA,NA,NA,NA,NA,NA,NA,NA,NA,NA,NA,NA,NA,NA,NA,46.71942902,46.71868134,47.36418915,47.67739868,47.98651886,48.29788971,48.61978149,49.27563095,49.9412117,50.48215103,51.16996002,52.16852188,53.73361969,55.58478165,56.35837936,57.15687943,58.02088928,58.86206818,59.76522064,60.50183105,57.48600006,58.40771103,59.07960129,59.85985947,60.98944855,60.30495834,66.23282623,59.44091034,60.82997131,61.63373947,62.10239029,62.15972137,63.58164978,63.44538879,64.3482666,64.95173645,65.66932678,66.43448639,65.97808838,66.42682648,66.80734253,67.16977692,67.53321838
Indonesia,NA,NA,NA,NA,NA,NA,NA,NA,NA,NA,NA,NA,NA,NA,NA,NA,NA,NA,NA,NA,67.31266785,NA,NA,NA,NA,NA,NA,NA,NA,NA,81.51985168,NA,NA,NA,NA,NA,NA,NA,NA,NA,NA,NA,NA,NA,90.38478851,NA,91.98226929,NA,92.19229889,92.58170319,NA,92.81191254,NA,NA,95.11621857,95.21793365,95.37696838,NA,95.65856171,NA,95.99900818,NA,NA
IDA only,NA,NA,NA,NA,NA,NA,NA,NA,NA,NA,NA,NA,NA,NA,NA,NA,NA,NA,NA,NA,NA,44.0439415,44.31441116,44.64294815,45.02487183,45.42116165,45.79011154,46.26377106,47.14368057,47.72639084,48.28533173,48.54956055,49.06100082,49.47932816,50.28557968,50.81270981,51.33599854,52.03290176,53.5026207,54.33293152,54.91807938,55.78398895,56.57590103,57.13404846,58.21461868,58.05445862,55.90459061,57.04111099,57.36537933,57.56100082,59.9163208,60.10403061,60.7947998,62.00022888,62.68635941,63.760849,65.53308868,66.37242126,67.45079041,68.47727966,68.6951828,69.17594147,69.47164917
Isle of Man,NA,NA,NA,NA,NA,NA,NA,NA,NA,NA,NA,NA,NA,NA,NA,NA,NA,NA,NA,NA,NA,NA,NA,NA,NA,NA,NA,NA,NA,NA,NA,NA,NA,NA,NA,NA,NA,NA,NA,NA,NA,NA,NA,NA,NA,NA,NA,NA,NA,NA,NA,NA,NA,NA,NA,NA,NA,NA,NA,NA,NA,NA,NA
India,NA,NA,NA,NA,NA,NA,NA,NA,NA,NA,NA,NA,NA,NA,NA,NA,NA,NA,NA,NA,NA,40.76359177,NA,NA,NA,NA,NA,NA,NA,NA,NA,48.22206879,NA,NA,NA,NA,NA,NA,NA,NA,NA,61.0145607,NA,NA,NA,NA,62.75447083,NA,NA,NA,NA,69.3025589,NA,NA,NA,NA,NA,NA,NA,NA,NA,NA,76.32277679
Not classified,NA,NA,NA,NA,NA,NA,NA,NA,NA,NA,NA,NA,NA,NA,NA,NA,NA,NA,NA,NA,NA,NA,NA,NA,NA,NA,NA,NA,NA,NA,NA,NA,NA,NA,NA,NA,NA,NA,NA,NA,NA,NA,NA,NA,NA,NA,NA,NA,NA,NA,NA,NA,NA,NA,NA,NA,NA,NA,NA,NA,NA,NA,NA
Ireland,NA,NA,NA,NA,NA,NA,NA,NA,NA,NA,NA,NA,NA,NA,NA,NA,NA,NA,NA,NA,NA,NA,NA,NA,NA,NA,NA,NA,NA,NA,NA,NA,NA,NA,NA,NA,NA,NA,NA,NA,NA,NA,NA,NA,NA,NA,NA,NA,NA,NA,NA,NA,NA,NA,NA,NA,NA,NA,NA,NA,NA,NA,NA
"Iran, Islamic Rep.",NA,NA,NA,NA,NA,NA,NA,NA,NA,NA,NA,NA,NA,NA,NA,NA,36.51839828,NA,NA,NA,NA,NA,NA,NA,NA,NA,52.31975937,NA,NA,NA,NA,65.53140259,NA,NA,NA,NA,73.06024933,NA,NA,NA,NA,NA,77,NA,NA,82.44120026,82.33132172,NA,82.96230316,NA,NA,NA,83.62599182,84.62680054,84.70523834,NA,85.54425049,NA,NA,NA,NA,NA,88.95999908
Iraq,NA,NA,NA,NA,NA,NA,NA,NA,NA,NA,NA,NA,NA,NA,NA,NA,NA,NA,NA,NA,NA,NA,NA,NA,NA,NA,NA,NA,NA,NA,NA,NA,NA,NA,NA,NA,NA,NA,NA,NA,74.05220032,NA,NA,NA,NA,NA,NA,NA,NA,NA,NA,NA,77.19999695,NA,82.19999695,NA,83.30000305,85.59999847,NA,NA,NA,NA,NA
Iceland,NA,NA,NA,NA,NA,NA,NA,NA,NA,NA,NA,NA,NA,NA,NA,NA,NA,NA,NA,NA,NA,NA,NA,NA,NA,NA,NA,NA,NA,NA,NA,NA,NA,NA,NA,NA,NA,NA,NA,NA,NA,NA,NA,NA,NA,NA,NA,NA,NA,NA,NA,NA,NA,NA,NA,NA,NA,NA,NA,NA,NA,NA,NA
Israel,NA,NA,NA,NA,NA,NA,NA,NA,NA,NA,NA,NA,NA,NA,NA,NA,NA,NA,NA,NA,NA,NA,NA,91.75141144,NA,NA,NA,NA,NA,NA,NA,NA,NA,NA,NA,NA,NA,NA,NA,NA,NA,NA,NA,NA,NA,NA,NA,NA,NA,NA,NA,NA,NA,NA,NA,NA,NA,NA,NA,NA,NA,NA,NA
Italy,NA,NA,NA,NA,NA,NA,NA,NA,NA,NA,NA,NA,NA,NA,NA,NA,NA,NA,NA,NA,NA,96.46054077,NA,NA,NA,NA,NA,NA,NA,NA,NA,NA,NA,NA,NA,NA,NA,NA,NA,NA,NA,98.41661835,NA,NA,NA,NA,NA,NA,NA,NA,NA,98.84828186,NA,NA,NA,NA,NA,NA,NA,99.34909821,NA,NA,NA
Jamaica,NA,NA,NA,NA,NA,NA,NA,NA,NA,NA,NA,NA,NA,NA,NA,NA,NA,NA,NA,NA,NA,NA,NA,NA,NA,NA,NA,NA,NA,NA,NA,NA,NA,NA,NA,NA,NA,NA,NA,79.92012024,NA,NA,NA,NA,NA,NA,NA,NA,NA,NA,NA,NA,NA,NA,NA,NA,NA,NA,NA,NA,NA,NA,NA
Jordan,NA,NA,NA,NA,NA,NA,NA,NA,NA,NA,NA,NA,NA,NA,NA,NA,NA,NA,NA,66.79680634,NA,NA,NA,NA,NA,NA,NA,NA,NA,NA,NA,NA,NA,NA,NA,NA,NA,NA,NA,NA,NA,NA,NA,89.89231873,NA,91.13075256,NA,92.19957733,NA,NA,92.55104065,95.90444946,97.89031982,NA,NA,NA,NA,NA,NA,NA,NA,98.41999817,NA
Japan,NA,NA,NA,NA,NA,NA,NA,NA,NA,NA,NA,NA,NA,NA,NA,NA,NA,NA,NA,NA,NA,NA,NA,NA,NA,NA,NA,NA,NA,NA,NA,NA,NA,NA,NA,NA,NA,NA,NA,NA,NA,NA,NA,NA,NA,NA,NA,NA,NA,NA,NA,NA,NA,NA,NA,NA,NA,NA,NA,NA,NA,NA,NA
Kazakhstan,NA,NA,NA,NA,NA,NA,NA,NA,NA,NA,NA,NA,NA,NA,NA,NA,NA,NA,NA,NA,NA,NA,NA,NA,NA,NA,NA,NA,NA,97.5293808,NA,NA,NA,NA,NA,NA,NA,NA,NA,99.51265717,NA,NA,NA,NA,NA,NA,NA,NA,NA,99.73240662,99.78163147,NA,NA,NA,NA,NA,NA,NA,NA,NA,99.80000305,NA,NA
Kenya,NA,NA,NA,NA,NA,NA,NA,NA,NA,NA,NA,NA,NA,NA,NA,NA,NA,NA,NA,NA,NA,NA,NA,NA,NA,NA,NA,NA,NA,NA,NA,NA,NA,NA,NA,NA,NA,NA,NA,NA,82.2290802,NA,NA,NA,NA,NA,NA,72.1570282,NA,NA,NA,NA,NA,NA,78.73303986,NA,NA,NA,NA,NA,NA,NA,82.87999725
Kyrgyz Republic,NA,NA,NA,NA,NA,NA,NA,NA,NA,NA,NA,NA,NA,NA,NA,NA,NA,NA,NA,NA,NA,NA,NA,NA,NA,NA,NA,NA,NA,NA,NA,NA,NA,NA,NA,NA,NA,NA,NA,98.70160675,NA,NA,NA,NA,NA,NA,NA,NA,NA,99.24343109,NA,NA,NA,NA,NA,NA,NA,NA,NA,99.59999847,NA,NA,NA
Cambodia,NA,NA,NA,NA,NA,NA,NA,NA,NA,NA,NA,NA,NA,NA,NA,NA,NA,NA,NA,NA,NA,NA,NA,NA,NA,NA,NA,NA,NA,NA,NA,NA,NA,NA,NA,NA,NA,NA,67.3350296,NA,NA,NA,NA,NA,73.6099472,NA,NA,NA,76.87129211,76.13796234,NA,NA,NA,NA,78.05509186,80.52648926,NA,NA,NA,NA,NA,NA,83.77999878
Kiribati,NA,NA,NA,NA,NA,NA,NA,NA,NA,NA,NA,NA,NA,NA,NA,NA,NA,NA,NA,NA,NA,NA,NA,NA,NA,NA,NA,NA,NA,NA,NA,NA,NA,NA,NA,NA,NA,NA,NA,NA,NA,NA,NA,NA,NA,NA,NA,NA,NA,NA,NA,NA,NA,NA,NA,NA,NA,NA,NA,NA,NA,NA,NA
St. Kitts and Nevis,NA,NA,NA,NA,NA,NA,NA,NA,NA,NA,NA,NA,NA,NA,NA,NA,NA,NA,NA,NA,NA,NA,NA,NA,NA,NA,NA,NA,NA,NA,NA,NA,NA,NA,NA,NA,NA,NA,NA,NA,NA,NA,NA,NA,NA,NA,NA,NA,NA,NA,NA,NA,NA,NA,NA,NA,NA,NA,NA,NA,NA,NA,NA
"Korea, Rep.",NA,NA,NA,NA,NA,NA,NA,NA,NA,NA,NA,NA,NA,NA,NA,NA,NA,NA,NA,NA,NA,NA,NA,NA,NA,NA,NA,NA,NA,NA,NA,NA,NA,NA,NA,NA,NA,NA,NA,NA,NA,NA,NA,NA,NA,NA,NA,NA,97.96594238,NA,NA,NA,NA,NA,NA,NA,NA,NA,98.80000305,NA,NA,NA,NA
Kuwait,NA,NA,NA,NA,NA,NA,NA,NA,NA,NA,NA,NA,NA,NA,NA,59.56438828,NA,NA,NA,NA,67.51766205,NA,NA,NA,NA,74.49086761,NA,NA,NA,NA,NA,NA,NA,NA,NA,78.39550018,NA,NA,NA,NA,NA,NA,NA,NA,NA,93.27445984,93.28211975,93.6641922,93.89830017,NA,94.4690094,NA,95.51316833,95.58582306,NA,95.68544769,NA,96.03594971,96.05647278,NA,96.45754242,NA,NA
Latin America & Caribbean (excluding high income),NA,NA,NA,NA,NA,NA,NA,NA,NA,NA,NA,NA,NA,NA,77.7884903,77.80844879,78.19082642,78.60355377,79.04564667,79.44309235,79.75759888,80.18858337,80.58322906,80.98571777,81.3649826,81.73174286,82.0908432,82.40023804,82.84265137,83.27297211,83.59468842,84.24974823,84.87783051,85.52954865,86.15093994,86.78253937,87.11849213,87.45191956,87.80683136,88.13613129,88.4030304,88.59390259,88.74488068,89.61829376,89.5352478,90.05692291,89.91970825,90.51132202,90.78736877,91.09883881,91.09777832,91.78595734,92.03304291,92.10153198,92.51148224,92.6756897,93.16713715,93.25913239,93.39646149,93.89241791,93.91342926,94.1902771,94.34609222
Lao PDR,NA,NA,NA,NA,NA,NA,NA,NA,NA,NA,NA,NA,NA,NA,NA,NA,NA,NA,NA,NA,NA,NA,NA,NA,NA,NA,NA,NA,NA,NA,NA,NA,NA,NA,NA,60.25133133,NA,NA,NA,NA,69.58312225,68.73439026,NA,NA,NA,72.70226288,NA,NA,NA,NA,NA,58.28794098,NA,NA,NA,84.66104126,NA,NA,NA,NA,NA,NA,87.51999664
Lebanon,NA,NA,NA,NA,NA,NA,NA,NA,NA,NA,NA,NA,NA,NA,NA,NA,NA,NA,NA,NA,NA,NA,NA,NA,NA,NA,NA,NA,NA,NA,NA,NA,NA,NA,NA,NA,NA,NA,NA,NA,NA,NA,NA,NA,NA,NA,NA,89.61244202,NA,91.18418884,NA,NA,NA,NA,NA,NA,NA,NA,NA,95.30000305,NA,NA,NA
Liberia,NA,NA,NA,NA,NA,NA,NA,NA,NA,NA,NA,NA,NA,NA,NA,NA,NA,NA,NA,NA,NA,NA,NA,NA,32.10676956,NA,NA,NA,NA,NA,NA,NA,NA,NA,NA,NA,NA,NA,NA,NA,NA,NA,NA,NA,NA,NA,NA,42.94107819,NA,NA,NA,NA,NA,NA,NA,NA,NA,48.30136108,NA,NA,NA,NA,NA
Libya,NA,NA,NA,NA,NA,NA,NA,NA,NA,NA,NA,NA,NA,NA,NA,NA,NA,NA,NA,NA,NA,NA,NA,NA,60.16439056,NA,NA,NA,NA,NA,NA,NA,NA,NA,76.5,NA,NA,NA,NA,NA,NA,NA,NA,NA,NA,NA,NA,NA,NA,NA,NA,NA,NA,NA,NA,NA,NA,NA,NA,NA,NA,NA,NA
St. Lucia,NA,NA,NA,NA,NA,NA,NA,NA,NA,NA,NA,NA,NA,NA,NA,NA,NA,NA,NA,NA,NA,NA,NA,NA,NA,NA,NA,NA,NA,NA,NA,NA,NA,NA,NA,NA,NA,NA,NA,NA,NA,NA,NA,NA,NA,NA,NA,NA,NA,NA,NA,NA,NA,NA,NA,NA,NA,NA,NA,NA,NA,NA,NA
Latin America & Caribbean,NA,NA,NA,NA,NA,NA,NA,NA,NA,NA,NA,NA,NA,NA,78.71794891,78.73679352,79.08727264,79.48947906,79.92698669,80.32272339,80.6362915,81.0647583,81.44641876,81.84255981,82.21440125,82.57330322,82.92527771,83.21761322,83.70771027,84.14951324,84.46312714,85.06565857,85.64559937,86.24845123,86.82306671,87.40621948,87.72444916,88.04447174,88.39904022,88.70349121,88.95600128,89.14797211,89.29534149,90.0865097,90.02800751,90.51113892,90.46457672,91.07581329,91.32739258,91.59747314,91.58734894,92.15574646,92.39837646,92.44463348,92.88938904,93.05001068,93.52841949,93.59472656,93.72666931,94.17398071,94.19924927,94.45465088,94.60012054
Least developed countries: UN classification,NA,NA,NA,NA,NA,NA,NA,NA,NA,NA,NA,NA,NA,NA,NA,NA,NA,NA,NA,NA,NA,40.69485855,40.97891998,41.31090164,41.68824005,42.0791893,42.43840027,42.91600037,43.81649017,44.42676926,44.99671173,45.25144958,45.77349854,46.2151413,47.09207153,47.85871124,48.38576889,49.10992813,50.71712875,51.60596848,52.00701141,52.86777878,53.58768082,54.27254868,55.45003128,55.23220825,52.76303864,53.82540894,54.08395004,54.65924835,57.18325043,57.32062149,58.12456131,59.48825836,60.27825928,61.52569962,63.52428818,64.46736145,64.68551636,65.81971741,66.04328156,66.61650085,66.96414948
Low income,NA,NA,NA,NA,NA,NA,NA,NA,NA,NA,NA,NA,NA,NA,NA,NA,NA,NA,NA,NA,NA,NA,NA,NA,NA,NA,NA,NA,46.46775818,46.9131813,47.39701843,47.67013168,47.8601799,48.05545044,48.47018814,48.68698883,49.0180397,49.68811035,50.38674164,50.95138168,51.08766174,52.20483017,52.86006165,53.04442978,54.50513077,53.67301178,52.02352142,53.3560791,54.19509888,54.65457153,55.08570862,57.13771057,57.5988884,58.55047989,58.89173126,59.3603096,60.10976028,61.12588882,60.9201889,61.11122894,61.18984985,61.66337967,61.87062073
Liechtenstein,NA,NA,NA,NA,NA,NA,NA,NA,NA,NA,NA,NA,NA,NA,NA,NA,NA,NA,NA,NA,NA,NA,NA,NA,NA,NA,NA,NA,NA,NA,NA,NA,NA,NA,NA,NA,NA,NA,NA,NA,NA,NA,NA,NA,NA,NA,NA,NA,NA,NA,NA,NA,NA,NA,NA,NA,NA,NA,NA,NA,NA,NA,NA
Sri Lanka,NA,NA,NA,NA,NA,NA,NA,NA,NA,NA,NA,NA,NA,NA,NA,NA,NA,NA,NA,NA,NA,86.77792358,NA,NA,NA,NA,NA,NA,NA,NA,NA,NA,NA,NA,NA,NA,NA,NA,NA,NA,NA,90.68274689,NA,NA,NA,NA,90.80883026,NA,90.55795288,NA,91.18135834,NA,NA,NA,NA,NA,92.38690186,91.89575195,91.70982361,92.25296021,92.38230133,92.42903137,NA
Lower middle income,NA,NA,NA,NA,NA,NA,NA,NA,NA,NA,NA,NA,NA,NA,NA,46.08655167,46.21934891,46.74834824,47.29462051,47.81219101,48.36388016,48.55207825,49.4505806,50.0200386,50.62377167,51.23839188,51.76948166,52.62234116,53.31906891,54.04309082,54.91133881,55.46038818,56.43854904,57.25194168,57.99135971,58.78255844,59.54241943,60.2610817,63.48545837,64.18974304,64.36212158,64.92597198,65.69058228,66.7536087,67.48014069,67.13873291,67.42352295,67.74211884,68.38011169,69.18901825,70.93374634,71.01206207,71.84989166,72.41251373,73.23755646,74.02703094,74.70815277,75.37245941,75.94947052,76.15856934,76.69680786,77.25923157,77.79563141
Low & middle income,NA,NA,NA,NA,NA,NA,NA,NA,NA,NA,NA,NA,NA,NA,NA,57.99311066,58.15454102,58.48509979,59.24147034,60.03918839,60.56272125,61.39469147,62.08139038,62.93770981,63.74047852,64.46573639,65.14189148,65.96894073,68.04340363,68.68028259,69.02909088,69.81289673,70.44448853,70.98522949,71.50582886,72.03330994,72.54151917,75.07601929,76.60884857,77.03183746,77.20719147,77.62538147,78.07327271,78.69558716,79.16748047,79.07467651,79.17944336,79.74616241,80.13504791,80.48036194,81.28991699,81.51042175,82.04769135,82.18077087,82.83753204,83.03851318,83.60399628,83.8864975,83.95259857,84.12776184,84.39620209,84.58621216,84.79534149
Lesotho,NA,NA,NA,NA,NA,NA,NA,NA,NA,NA,NA,NA,NA,NA,NA,NA,NA,NA,NA,NA,NA,NA,NA,NA,NA,NA,NA,NA,NA,NA,NA,NA,NA,NA,NA,NA,NA,NA,NA,NA,86.25443268,NA,NA,NA,NA,NA,NA,NA,NA,75.80020142,NA,NA,NA,NA,76.6352005,NA,NA,NA,NA,NA,NA,NA,82.01000214
Late-demographic dividend,NA,NA,NA,NA,NA,NA,NA,NA,NA,NA,NA,NA,NA,NA,NA,NA,69.04154968,69.14431,70.12883759,71.2281189,72.21810913,73.17838287,73.71118164,74.88414764,75.77217102,76.62934113,77.39922333,78.17386627,81.74093628,82.32694244,82.13381958,83.35022736,83.83409882,84.29640198,84.7303772,85.19326782,85.61257935,90.41452026,90.76045227,91.03919983,91.25179291,91.6210022,91.90463257,92.27153015,92.46440887,92.7838974,93.00543976,93.97949982,94.17365265,94.44042206,94.60832977,94.971138,95.14412689,95.21111298,95.41488647,95.5112915,95.74308014,95.89035034,96.05489349,96.24342346,96.50292969,96.5497818,96.59059143
Lithuania,NA,NA,NA,NA,NA,NA,NA,NA,NA,NA,NA,NA,NA,NA,NA,NA,NA,NA,NA,NA,NA,NA,NA,NA,NA,NA,NA,NA,NA,98.44126892,NA,NA,NA,NA,NA,NA,NA,NA,NA,NA,NA,99.64575195,NA,NA,NA,NA,NA,NA,NA,NA,NA,99.81559753,NA,NA,NA,NA,NA,NA,NA,NA,NA,99.83000183,NA
Luxembourg,NA,NA,NA,NA,NA,NA,NA,NA,NA,NA,NA,NA,NA,NA,NA,NA,NA,NA,NA,NA,NA,NA,NA,NA,NA,NA,NA,NA,NA,NA,NA,NA,NA,NA,NA,NA,NA,NA,NA,NA,NA,NA,NA,NA,NA,NA,NA,NA,NA,NA,NA,NA,NA,NA,NA,NA,NA,NA,NA,NA,NA,NA,NA
Latvia,NA,NA,NA,NA,NA,NA,NA,NA,NA,NA,NA,NA,NA,NA,NA,NA,NA,NA,NA,NA,NA,NA,NA,NA,NA,NA,NA,NA,NA,99.45230103,NA,NA,NA,NA,NA,NA,NA,NA,NA,NA,99.74656677,NA,NA,NA,NA,NA,NA,NA,NA,NA,NA,99.89589691,NA,NA,NA,NA,NA,NA,NA,NA,NA,99.88999939,NA
"Macao SAR, China",NA,NA,NA,NA,NA,NA,NA,NA,NA,NA,NA,NA,NA,NA,NA,NA,NA,NA,NA,NA,NA,90.37818146,NA,NA,NA,NA,NA,NA,NA,NA,NA,NA,NA,NA,NA,NA,NA,NA,NA,NA,NA,91.29537201,NA,NA,NA,NA,93.49974823,NA,NA,NA,NA,95.64003754,NA,NA,NA,NA,96.5384903,NA,NA,NA,NA,97.11000061,NA
St. Martin (French part),NA,NA,NA,NA,NA,NA,NA,NA,NA,NA,NA,NA,NA,NA,NA,NA,NA,NA,NA,NA,NA,NA,NA,NA,NA,NA,NA,NA,NA,NA,NA,NA,NA,NA,NA,NA,NA,NA,NA,NA,NA,NA,NA,NA,NA,NA,NA,NA,NA,NA,NA,NA,NA,NA,NA,NA,NA,NA,NA,NA,NA,NA,NA
Morocco,NA,NA,NA,NA,NA,NA,NA,NA,NA,NA,NA,NA,NA,NA,NA,NA,NA,NA,NA,NA,NA,NA,30.25779915,NA,NA,NA,NA,NA,NA,NA,NA,NA,NA,NA,41.59410858,NA,NA,NA,NA,NA,NA,NA,NA,NA,52.30625916,NA,NA,NA,55.1479187,56.08367157,NA,67.08415985,69.42539215,NA,75.5861969,NA,NA,NA,NA,NA,NA,NA,77.34999847
Monaco,NA,NA,NA,NA,NA,NA,NA,NA,NA,NA,NA,NA,NA,NA,NA,NA,NA,NA,NA,NA,NA,NA,NA,NA,NA,NA,NA,NA,NA,NA,NA,NA,NA,NA,NA,NA,NA,NA,NA,NA,NA,NA,NA,NA,NA,NA,NA,NA,NA,NA,NA,NA,NA,NA,NA,NA,NA,NA,NA,NA,NA,NA,NA
Moldova,NA,NA,NA,NA,NA,NA,NA,NA,NA,NA,NA,NA,NA,NA,NA,NA,NA,NA,NA,NA,NA,NA,NA,NA,NA,NA,NA,NA,NA,96.37754822,NA,NA,NA,NA,NA,NA,NA,NA,NA,NA,96.65380096,NA,NA,NA,NA,NA,NA,NA,NA,NA,NA,NA,NA,NA,99.3598938,NA,NA,NA,NA,NA,NA,99.59999847,NA
Madagascar,NA,NA,NA,NA,NA,NA,NA,NA,NA,NA,NA,NA,NA,NA,NA,NA,NA,NA,NA,NA,NA,NA,NA,NA,NA,NA,NA,NA,NA,NA,NA,NA,NA,NA,NA,NA,NA,NA,NA,NA,70.68617249,NA,NA,NA,NA,58.93593979,NA,NA,NA,64.48091125,NA,NA,71.57261658,NA,NA,NA,NA,NA,76.67967987,NA,NA,NA,77.48000336
Maldives,NA,NA,NA,NA,NA,NA,NA,NA,NA,NA,NA,NA,NA,NA,NA,NA,NA,82.29995728,NA,NA,NA,NA,NA,NA,NA,92.23004913,NA,NA,NA,NA,96.01825714,NA,NA,NA,NA,96.32649994,NA,NA,NA,NA,96.32649994,NA,NA,NA,NA,NA,98.39790344,NA,NA,NA,NA,NA,NA,NA,98.61012268,NA,97.7349472,NA,NA,NA,NA,97.86000061,NA
Middle East & North Africa,NA,NA,NA,NA,NA,NA,NA,NA,NA,NA,NA,NA,NA,NA,43.99972153,44.48717117,45.0156517,45.55852127,46.21683884,46.88816833,47.6552887,48.42226028,49.24596024,50.03417969,50.90993881,51.93806076,52.89377975,53.72571945,54.84006882,55.84550858,58.23571014,59.51876068,60.49935913,61.3924408,62.19766998,63.81457138,65.12471008,66.04062653,67.25557709,68.3557663,69.23674011,70.50839996,71.02651978,74.09117126,74.70030212,74.46501923,74.54418945,75.23201752,75.84242249,75.86177063,76.66654968,77.35668945,79.85405731,77.86290741,81.56906128,79.55847931,80.59259033,81.51193237,79.00978851,79.34100342,79.7623291,80.01225281,80.35758972
Mexico,NA,NA,NA,NA,NA,NA,NA,NA,NA,NA,NA,NA,NA,NA,NA,NA,NA,NA,NA,NA,82.98924255,NA,NA,NA,NA,NA,NA,NA,NA,NA,87.55615234,NA,NA,NA,NA,NA,NA,NA,NA,NA,90.53562164,NA,90.27465057,NA,90.95374298,91.63027191,91.73451996,92.79517365,92.92559814,93.44187927,93.06893921,93.51998138,94.22840118,93.96285248,94.55587769,94.47228241,94.85961914,94.97277832,95.37991333,NA,95.24784851,NA,NA
Marshall Islands,NA,NA,NA,NA,NA,NA,NA,NA,NA,NA,NA,NA,NA,NA,NA,NA,NA,NA,NA,NA,NA,NA,NA,NA,NA,NA,NA,NA,NA,NA,NA,NA,NA,NA,NA,NA,NA,NA,NA,NA,NA,NA,NA,NA,NA,NA,NA,NA,NA,NA,NA,98.26508331,NA,NA,NA,NA,NA,NA,NA,NA,NA,NA,NA
Middle income,NA,NA,NA,NA,NA,NA,NA,NA,NA,NA,NA,NA,NA,NA,NA,58.9247818,59.08560181,59.42155838,60.21147156,61.04367828,61.58348083,62.44802856,63.16028976,64.05033112,64.88358307,65.63458252,66.33704376,67.18579102,69.36659241,70.01521301,70.35574341,71.17095184,71.83667755,72.4152832,72.95445251,73.51553345,74.04692841,76.71002197,78.30400085,78.73040009,78.9223175,79.30476379,79.75395966,80.42704773,80.85146332,80.82808685,81.07810211,81.62198639,82.0057373,82.37091064,83.23784637,83.35024261,83.92430878,84.0189209,84.72058868,84.92469788,85.50151825,85.75756836,85.87819672,86.09002686,86.41523743,86.62068176,86.86933136
North Macedonia,NA,NA,NA,NA,NA,NA,NA,NA,NA,NA,NA,NA,NA,NA,NA,NA,NA,NA,NA,NA,NA,NA,NA,NA,NA,NA,NA,NA,NA,NA,NA,NA,NA,NA,94.05874634,NA,NA,NA,NA,NA,NA,NA,96.12892914,NA,NA,NA,NA,NA,NA,NA,NA,NA,97.59999847,NA,NA,NA,NA,NA,NA,NA,NA,NA,NA
Mali,NA,NA,NA,NA,NA,NA,NA,NA,NA,NA,NA,NA,NA,NA,NA,NA,9.433810234,NA,NA,NA,NA,NA,NA,NA,NA,NA,NA,NA,NA,NA,NA,NA,NA,NA,NA,NA,NA,NA,19.04496956,NA,NA,NA,NA,24,NA,NA,26.17654991,NA,NA,NA,31.09975052,30.61866951,NA,NA,NA,33.06888962,NA,NA,35.47377014,NA,30.76140976,NA,NA
Malta,NA,NA,NA,NA,NA,NA,NA,NA,NA,NA,NA,NA,NA,NA,NA,NA,NA,NA,NA,NA,NA,NA,NA,NA,NA,86.92984009,NA,NA,NA,NA,NA,NA,NA,NA,NA,87.86869812,NA,NA,NA,NA,NA,NA,NA,NA,NA,92.36309052,NA,NA,NA,NA,NA,93.30735779,NA,NA,NA,NA,NA,NA,NA,NA,NA,94.94000244,NA
Myanmar,NA,NA,NA,NA,NA,NA,NA,NA,NA,NA,NA,NA,NA,NA,NA,NA,NA,NA,NA,NA,NA,NA,NA,78.57041168,NA,NA,NA,NA,NA,NA,NA,NA,NA,NA,NA,NA,NA,NA,NA,NA,89.9417572,NA,NA,NA,NA,NA,NA,NA,NA,NA,NA,NA,NA,NA,NA,NA,75.55120087,NA,NA,89.06994629,NA,NA,NA
Middle East & North Africa (excluding high income),NA,NA,NA,NA,NA,NA,NA,NA,NA,NA,NA,NA,39.62331009,40.10052872,40.58827972,41.12535858,41.70298004,42.28366852,42.99940109,43.71429825,44.55875015,45.40877151,46.22275925,47.09122849,48.03279877,49.18330002,50.23703003,51.15568924,52.2937088,53.31335831,55.90718842,57.33581924,58.35144043,59.20312881,59.96607971,61.66532898,63.02767944,63.94300079,65.12889862,66.25087738,67.32566833,68.48272705,68.91542053,72.40997314,73.11199188,72.69361115,72.63803101,73.23882294,73.72486877,73.53070831,74.31271362,74.5015564,77.37709045,75.02294159,79.25740051,76.72051239,77.88831329,78.95287323,75.89608765,76.27720642,76.63752747,77.00444794,77.39949799
Montenegro,NA,NA,NA,NA,NA,NA,NA,NA,NA,NA,NA,NA,NA,NA,NA,NA,NA,NA,NA,NA,NA,89.63529968,NA,NA,NA,NA,NA,NA,NA,NA,NA,93.46273804,NA,NA,NA,NA,NA,NA,NA,NA,NA,NA,NA,97.77346039,NA,NA,NA,NA,NA,NA,NA,98.44220734,NA,NA,NA,NA,NA,NA,NA,NA,NA,98.98000336,NA
Mongolia,NA,NA,NA,NA,NA,NA,NA,NA,NA,NA,NA,NA,NA,NA,NA,NA,NA,NA,NA,NA,NA,NA,NA,NA,NA,NA,NA,NA,NA,NA,NA,NA,NA,NA,NA,NA,NA,NA,NA,NA,97.76885223,NA,NA,NA,NA,NA,NA,NA,NA,NA,98.25700378,NA,NA,NA,NA,NA,NA,NA,NA,NA,99.18327332,NA,NA
Northern Mariana Islands,NA,NA,NA,NA,NA,NA,NA,NA,NA,NA,NA,NA,NA,NA,NA,NA,NA,NA,NA,NA,NA,NA,NA,NA,NA,NA,NA,NA,NA,NA,NA,NA,NA,NA,NA,NA,NA,NA,NA,NA,NA,NA,NA,NA,NA,NA,NA,NA,NA,NA,NA,NA,NA,NA,NA,NA,NA,NA,NA,NA,NA,NA,NA
Mozambique,NA,NA,NA,NA,NA,NA,NA,NA,NA,NA,NA,NA,NA,NA,NA,NA,NA,NA,NA,NA,26.99770927,NA,NA,NA,NA,NA,NA,NA,NA,NA,NA,NA,NA,NA,NA,NA,NA,38.70787811,NA,NA,NA,NA,NA,48.15884018,NA,NA,NA,NA,NA,50.5838089,NA,NA,NA,NA,NA,56.03900146,NA,60.65542984,NA,NA,59.77960968,NA,NA
Mauritania,NA,NA,NA,NA,NA,NA,NA,NA,NA,NA,NA,NA,NA,NA,NA,NA,NA,NA,NA,NA,NA,NA,NA,NA,NA,NA,NA,NA,NA,NA,NA,NA,NA,NA,NA,NA,NA,NA,NA,NA,51.20767975,NA,NA,NA,NA,NA,NA,45.50378036,NA,NA,NA,NA,NA,62.06874847,NA,NA,NA,NA,NA,NA,NA,66.95999908,NA
Mauritius,NA,NA,NA,NA,NA,NA,NA,NA,NA,NA,NA,NA,NA,NA,NA,NA,NA,NA,NA,NA,NA,NA,NA,NA,NA,NA,NA,NA,NA,NA,79.86865997,NA,NA,NA,NA,NA,NA,NA,NA,NA,84.30309296,NA,NA,NA,NA,NA,NA,NA,NA,NA,NA,89.24983978,91.76600647,91.49002838,92.47476196,92.70760345,93.15783691,NA,NA,NA,NA,92.15000153,NA
Malawi,NA,NA,NA,NA,NA,NA,NA,NA,NA,NA,NA,NA,NA,NA,NA,NA,NA,NA,NA,NA,NA,NA,NA,NA,NA,NA,NA,48.53665161,NA,NA,NA,NA,NA,NA,NA,NA,NA,NA,64.13424683,NA,NA,NA,NA,NA,NA,NA,NA,NA,NA,NA,61.30971909,NA,NA,NA,65.14537048,62.14353943,NA,NA,NA,NA,NA,NA,68.08000183
Malaysia,NA,NA,NA,NA,NA,NA,NA,NA,NA,NA,NA,NA,NA,NA,NA,NA,NA,NA,NA,NA,69.5163269,NA,NA,NA,NA,NA,NA,NA,NA,NA,NA,82.91536713,NA,NA,NA,NA,NA,NA,NA,NA,NA,NA,NA,NA,NA,NA,NA,NA,NA,NA,NA,NA,NA,NA,NA,NA,NA,NA,NA,NA,NA,NA,NA
North America,NA,NA,NA,NA,NA,NA,NA,NA,NA,NA,NA,NA,NA,NA,NA,NA,NA,NA,NA,NA,NA,NA,NA,NA,NA,NA,NA,NA,NA,NA,NA,NA,NA,NA,NA,NA,NA,NA,NA,NA,NA,NA,NA,98.57132721,98.58383942,98.6025238,98.61302185,98.62580109,98.64644623,NA,NA,NA,NA,NA,NA,NA,NA,98.71929932,98.72724915,98.73326111,98.74022675,98.73995209,98.74066925
Namibia,NA,NA,NA,NA,NA,NA,NA,NA,NA,NA,NA,NA,NA,NA,NA,NA,NA,NA,NA,NA,NA,NA,NA,NA,NA,NA,NA,NA,NA,NA,NA,75.81658173,NA,NA,NA,NA,NA,NA,NA,NA,NA,84.94425964,NA,NA,NA,NA,NA,76.48658752,NA,NA,NA,88.27462769,NA,NA,NA,NA,NA,NA,NA,NA,NA,92.25,NA
New Caledonia,NA,NA,NA,NA,NA,NA,NA,NA,NA,NA,NA,NA,NA,NA,NA,NA,91.30036926,NA,NA,NA,NA,NA,NA,NA,NA,NA,NA,NA,NA,93.08062744,NA,NA,NA,NA,NA,NA,96.13791656,NA,NA,NA,NA,NA,NA,NA,NA,NA,97.30000305,NA,NA,NA,NA,NA,NA,NA,NA,NA,NA,NA,NA,NA,NA,NA,NA
Niger,NA,NA,NA,NA,NA,NA,NA,NA,NA,NA,NA,NA,NA,NA,NA,NA,NA,NA,NA,NA,NA,NA,NA,NA,NA,NA,NA,NA,NA,NA,NA,NA,NA,NA,NA,NA,NA,NA,NA,NA,NA,14.37604046,NA,NA,NA,28.6724205,NA,NA,NA,NA,NA,NA,30.56039047,NA,NA,NA,NA,NA,NA,NA,NA,NA,38.09999847
Nigeria,NA,NA,NA,NA,NA,NA,NA,NA,NA,NA,NA,NA,NA,NA,NA,NA,NA,NA,NA,NA,NA,NA,NA,NA,NA,NA,NA,NA,NA,NA,NA,55.44675064,NA,NA,NA,NA,NA,NA,NA,NA,NA,NA,NA,54.7731781,NA,NA,70.198349,NA,51.07765961,NA,NA,NA,NA,NA,NA,NA,NA,NA,62.01601028,NA,NA,NA,NA
Nicaragua,NA,NA,NA,NA,NA,NA,NA,NA,NA,NA,NA,NA,NA,NA,NA,NA,NA,NA,NA,NA,NA,NA,NA,NA,NA,NA,NA,NA,NA,NA,NA,NA,NA,NA,NA,NA,NA,NA,NA,NA,NA,76.67713165,NA,NA,NA,78.00298309,NA,NA,NA,NA,NA,NA,NA,NA,NA,82.61454773,NA,NA,NA,NA,NA,NA,NA
Netherlands,NA,NA,NA,NA,NA,NA,NA,NA,NA,NA,NA,NA,NA,NA,NA,NA,NA,NA,NA,NA,NA,NA,NA,NA,NA,NA,NA,NA,NA,NA,NA,NA,NA,NA,NA,NA,NA,NA,NA,NA,NA,NA,NA,NA,NA,NA,NA,NA,NA,NA,NA,NA,NA,NA,NA,NA,NA,NA,NA,NA,NA,NA,NA
Norway,NA,NA,NA,NA,NA,NA,NA,NA,NA,NA,NA,NA,NA,NA,NA,NA,NA,NA,NA,NA,NA,NA,NA,NA,NA,NA,NA,NA,NA,NA,NA,NA,NA,NA,NA,NA,NA,NA,NA,NA,NA,NA,NA,NA,NA,NA,NA,NA,NA,NA,NA,NA,NA,NA,NA,NA,NA,NA,NA,NA,NA,NA,NA
Nepal,NA,NA,NA,NA,NA,NA,NA,NA,NA,NA,NA,NA,NA,NA,NA,NA,NA,NA,NA,NA,NA,20.57366943,NA,NA,NA,NA,NA,NA,NA,NA,NA,32.97558975,NA,NA,NA,NA,NA,NA,NA,NA,NA,48.60897064,NA,NA,NA,NA,NA,NA,NA,NA,NA,59.62725067,NA,NA,NA,NA,NA,NA,NA,NA,NA,71.15000153,NA
Nauru,NA,NA,NA,NA,NA,NA,NA,NA,NA,NA,NA,NA,NA,NA,NA,NA,NA,NA,NA,NA,NA,NA,NA,NA,NA,NA,NA,NA,NA,NA,NA,NA,NA,NA,NA,NA,NA,NA,NA,NA,NA,NA,NA,NA,NA,NA,NA,NA,NA,NA,NA,NA,NA,NA,NA,NA,NA,NA,NA,NA,NA,NA,NA
New Zealand,NA,NA,NA,NA,NA,NA,NA,NA,NA,NA,NA,NA,NA,NA,NA,NA,NA,NA,NA,NA,NA,NA,NA,NA,NA,NA,NA,NA,NA,NA,NA,NA,NA,NA,NA,NA,NA,NA,NA,NA,NA,NA,NA,NA,NA,NA,NA,NA,NA,NA,NA,NA,NA,NA,NA,NA,NA,NA,NA,NA,NA,NA,NA
OECD members,NA,NA,NA,NA,NA,NA,NA,NA,NA,NA,NA,NA,NA,NA,NA,NA,NA,NA,NA,NA,NA,NA,NA,NA,NA,NA,NA,NA,NA,NA,NA,NA,NA,NA,NA,NA,NA,NA,NA,NA,NA,NA,NA,NA,NA,NA,NA,NA,NA,NA,NA,NA,NA,NA,NA,NA,NA,NA,NA,NA,97.0459137,97.11087799,NA
Oman,NA,NA,NA,NA,NA,NA,NA,NA,NA,NA,NA,NA,NA,NA,NA,NA,NA,NA,NA,NA,NA,NA,NA,NA,NA,NA,NA,NA,NA,NA,NA,NA,NA,NA,NA,NA,NA,NA,NA,NA,NA,NA,NA,81.36331177,NA,NA,NA,NA,86.62113953,NA,86.93900299,NA,NA,NA,NA,93.03861237,NA,95.5759964,95.6515274,NA,NA,NA,97.33905792
Other small states,NA,NA,NA,NA,NA,NA,NA,NA,NA,NA,NA,NA,NA,NA,NA,NA,NA,NA,NA,NA,NA,NA,NA,NA,71.19277954,71.51165009,71.8418808,72.42163849,73.09158325,73.75576782,74.28700256,74.62203217,75.08734894,75.63807678,75.85413361,76.22351074,76.79734039,77.29128265,78.07466888,78.592659,78.63754272,79.32147217,80.15386963,80.82128906,81.28862,81.83003235,81.37638092,80.61102295,81.65563202,81.10678101,81.78862762,82.26712799,82.73355865,83.09284973,83.49201202,84.25112915,84.73150635,84.94213867,85.1605072,85.39427185,85.63803101,85.70838928,85.83747864
Pakistan,NA,NA,NA,NA,NA,NA,NA,NA,NA,NA,NA,NA,NA,NA,NA,NA,NA,NA,NA,NA,NA,25.72518921,NA,NA,NA,NA,NA,NA,NA,NA,NA,NA,NA,NA,NA,NA,NA,NA,42.6993103,NA,NA,NA,NA,NA,NA,49.87363815,54.15121078,52.13682938,55.526371,54.89263916,55.37519073,54.73802185,56.76433945,55.59498978,56.97714996,NA,NA,59.13204956,57.01057053,57.99885941,NA,NA,NA
Panama,NA,NA,NA,NA,NA,NA,NA,NA,NA,NA,NA,NA,NA,NA,NA,NA,NA,NA,NA,NA,88.0717392,NA,NA,NA,NA,NA,NA,NA,NA,NA,88.77986145,NA,NA,NA,NA,NA,NA,NA,NA,NA,91.89962006,NA,NA,NA,NA,NA,NA,NA,NA,NA,94.09411621,NA,NA,NA,NA,NA,NA,NA,95.41181183,95.73607635,NA,NA,NA
Peru,NA,NA,NA,NA,NA,NA,NA,NA,NA,NA,NA,NA,NA,NA,NA,NA,NA,NA,NA,NA,NA,81.91845703,NA,NA,NA,NA,NA,NA,NA,NA,NA,NA,NA,87.15062714,NA,NA,NA,NA,NA,NA,NA,NA,NA,NA,87.66985321,87.90866852,88.69934082,89.59081268,NA,NA,NA,NA,93.84172821,NA,93.70794678,94.16233826,94.17366791,94.14961243,94.40827179,NA,94.49793243,NA,NA
Philippines,NA,NA,NA,NA,NA,NA,NA,NA,NA,NA,NA,NA,NA,NA,NA,NA,NA,NA,NA,NA,83.31723022,NA,NA,NA,NA,NA,NA,NA,NA,NA,93.57389832,NA,NA,NA,93.91596985,NA,NA,NA,NA,NA,92.60005951,NA,NA,92.59069061,NA,NA,NA,NA,95.42009735,NA,NA,NA,NA,96.39800262,NA,98.18254852,NA,NA,NA,96.27816772,NA,NA,NA
Palau,NA,NA,NA,NA,NA,NA,NA,NA,NA,NA,NA,NA,NA,NA,NA,NA,NA,NA,NA,NA,91.92141724,NA,NA,NA,NA,NA,NA,NA,NA,NA,NA,NA,NA,NA,NA,NA,NA,NA,NA,NA,NA,NA,NA,NA,NA,NA,NA,NA,NA,NA,NA,NA,NA,99.50312805,NA,96.59374237,NA,NA,NA,NA,NA,NA,NA
Papua New Guinea,NA,NA,NA,NA,NA,NA,NA,NA,NA,NA,NA,NA,NA,NA,NA,NA,NA,NA,NA,NA,NA,NA,NA,NA,NA,NA,NA,NA,NA,NA,NA,NA,NA,NA,NA,NA,NA,NA,NA,NA,57.34326172,NA,NA,NA,NA,NA,NA,NA,NA,NA,61.59999847,NA,NA,NA,NA,NA,NA,NA,NA,NA,NA,NA,NA
Poland,NA,NA,NA,NA,NA,NA,NA,NA,NA,NA,NA,NA,NA,NA,NA,NA,NA,NA,98.74273682,NA,NA,NA,NA,NA,NA,NA,NA,NA,99.30000305,NA,NA,NA,NA,NA,NA,NA,NA,NA,NA,NA,NA,NA,NA,NA,NA,NA,NA,NA,NA,NA,NA,NA,NA,NA,NA,NA,NA,NA,NA,NA,NA,99.80000305,NA
Pre-demographic dividend,NA,NA,NA,NA,NA,NA,NA,NA,NA,NA,NA,NA,NA,NA,NA,NA,NA,NA,NA,NA,NA,NA,NA,NA,NA,NA,48.6153183,49.32590103,49.85709,50.5786705,51.19073105,51.84952164,52.14387131,52.66378021,53.27309036,53.67913818,54.32199097,55.19343185,55.86436081,56.78982925,54.99671173,56.35126877,56.97219086,57.23115921,58.11349106,57.64712143,59.08787918,55.20811081,55.23323059,54.43130112,55.06705093,56.81541061,59.44092941,59.00688171,61.2843399,60.28683853,62.66682816,63.82289886,63.64342117,63.95421982,64.18930054,64.67958832,64.97795105
Puerto Rico,NA,NA,NA,NA,NA,NA,NA,NA,NA,NA,NA,NA,NA,NA,NA,NA,NA,NA,NA,NA,86.74606323,NA,NA,NA,NA,NA,NA,NA,NA,NA,89.62249756,NA,NA,NA,NA,NA,NA,NA,NA,NA,NA,NA,NA,NA,NA,NA,NA,NA,NA,NA,91.96523285,NA,NA,NA,NA,NA,NA,92.38999939,NA,NA,NA,92.40000153,NA
"Korea, Dem. People's Rep.",NA,NA,NA,NA,NA,NA,NA,NA,NA,NA,NA,NA,NA,NA,NA,NA,NA,NA,NA,NA,NA,NA,NA,NA,NA,NA,NA,NA,NA,NA,NA,NA,NA,NA,NA,NA,NA,NA,NA,NA,NA,NA,NA,NA,NA,NA,NA,NA,99.99819183,NA,NA,NA,NA,NA,NA,NA,NA,NA,99.99819183,NA,NA,NA,NA
Portugal,NA,NA,NA,NA,NA,NA,NA,NA,NA,NA,NA,NA,NA,NA,NA,NA,NA,NA,NA,NA,NA,79.43560791,NA,NA,NA,NA,NA,NA,NA,NA,NA,87.94785309,NA,NA,NA,NA,NA,NA,NA,NA,NA,NA,NA,NA,NA,NA,NA,NA,NA,NA,NA,94.47705078,NA,NA,NA,NA,NA,NA,NA,NA,NA,96.77999878,NA
Paraguay,NA,NA,NA,NA,NA,NA,NA,NA,NA,NA,NA,NA,NA,NA,NA,NA,NA,NA,NA,NA,NA,NA,78.45861053,NA,NA,NA,NA,NA,NA,NA,NA,NA,90.27182007,NA,NA,NA,NA,NA,NA,NA,NA,NA,NA,NA,NA,NA,NA,94.55821991,93.29208374,93.75424194,93.87091827,NA,94.19747162,95.05903625,95.03481293,95.55484009,94.65023804,NA,94.02079773,93.21353149,94.54454803,NA,NA
West Bank and Gaza,NA,NA,NA,NA,NA,NA,NA,NA,NA,NA,NA,NA,NA,NA,NA,NA,NA,NA,NA,NA,NA,NA,NA,NA,NA,NA,NA,NA,NA,NA,NA,NA,NA,NA,NA,NA,NA,86.0769577,NA,NA,NA,NA,NA,NA,92.47750854,NA,93.4508667,93.76170349,94.00984192,94.43018341,94.71748352,95.02581787,95.67101288,96.04602814,96.21292877,96.47711945,96.7191925,96.92440033,97.21861267,97.37825775,NA,NA,NA
Pacific island small states,NA,NA,NA,NA,NA,NA,NA,NA,NA,NA,NA,NA,NA,NA,NA,NA,NA,NA,NA,NA,NA,NA,NA,NA,NA,NA,NA,NA,NA,NA,NA,NA,NA,NA,NA,NA,NA,NA,NA,NA,NA,NA,NA,NA,NA,NA,NA,NA,NA,NA,NA,NA,NA,NA,NA,NA,NA,NA,NA,NA,NA,NA,NA
Post-demographic dividend,NA,NA,NA,NA,NA,NA,NA,NA,NA,NA,NA,NA,NA,NA,NA,NA,NA,NA,NA,NA,NA,NA,NA,NA,NA,NA,NA,NA,NA,NA,NA,NA,NA,NA,NA,NA,NA,NA,NA,NA,NA,NA,NA,NA,NA,NA,NA,NA,NA,NA,NA,NA,NA,NA,NA,NA,NA,NA,NA,NA,NA,NA,NA
French Polynesia,NA,NA,NA,NA,NA,NA,NA,NA,NA,NA,NA,NA,NA,NA,NA,NA,NA,NA,NA,NA,NA,NA,NA,NA,NA,NA,NA,NA,NA,NA,NA,NA,NA,NA,NA,NA,NA,NA,NA,NA,NA,NA,NA,NA,NA,NA,NA,NA,NA,NA,NA,NA,NA,NA,NA,NA,NA,NA,NA,NA,NA,NA,NA
Qatar,NA,NA,NA,NA,NA,NA,NA,NA,NA,NA,NA,NA,NA,NA,NA,NA,NA,NA,NA,NA,NA,NA,NA,NA,NA,NA,75.63504028,NA,NA,NA,NA,NA,NA,NA,NA,NA,NA,83.26216125,NA,NA,NA,NA,NA,NA,88.96238708,NA,NA,93.08255005,93.98973083,94.72428894,96.28373718,96.40686798,96.67858887,97.47785187,97.74668884,NA,NA,NA,NA,NA,NA,NA,NA
Romania,NA,NA,NA,NA,NA,NA,NA,NA,NA,NA,NA,NA,NA,NA,NA,NA,NA,NA,NA,NA,NA,NA,NA,NA,NA,NA,NA,NA,NA,NA,NA,NA,96.7099762,NA,NA,NA,NA,NA,NA,NA,NA,NA,97.29759216,NA,NA,NA,NA,NA,NA,NA,NA,98.60428619,NA,NA,NA,NA,NA,NA,NA,NA,NA,98.90000153,NA
Russian Federation,NA,NA,NA,NA,NA,NA,NA,NA,NA,NA,NA,NA,NA,NA,NA,NA,NA,NA,NA,NA,NA,NA,NA,NA,NA,NA,NA,NA,NA,97.98605347,NA,NA,NA,NA,NA,NA,NA,NA,NA,NA,NA,NA,99.44097137,NA,NA,NA,NA,NA,NA,NA,99.68427277,NA,NA,NA,NA,NA,NA,NA,NA,NA,NA,99.92777252,NA
Rwanda,NA,NA,NA,NA,NA,NA,NA,NA,NA,NA,NA,NA,NA,NA,NA,NA,NA,NA,38.24343109,NA,NA,NA,NA,NA,NA,NA,NA,NA,NA,NA,NA,57.85348892,NA,NA,NA,NA,NA,NA,NA,NA,64.88860321,NA,NA,NA,NA,NA,NA,NA,NA,NA,65.85227203,NA,NA,NA,70.80413055,NA,NA,NA,73.21559143,NA,NA,75.90000153,NA
South Asia,NA,NA,NA,NA,NA,NA,NA,NA,NA,NA,NA,NA,NA,NA,NA,36.03934097,36.04425049,36.6957016,37.34392166,37.98004913,38.59590149,38.63156891,39.82555008,40.47922134,41.13370132,41.78565979,42.44036865,43.09804916,43.84537125,44.61243057,45.35919952,45.78955841,47.08633041,48.08145905,48.84938049,49.64048004,50.44919968,51.26016998,56.10293961,56.87630844,57.65058136,58.09878922,59.20312881,60.09577942,60.87617111,60.62966919,60.16196823,61.70198059,62.7935791,63.46567917,66.03605652,66.50596619,67.30776215,68.05452728,68.79316711,69.75715637,71.10492706,71.7903595,72.08151245,71.94278717,72.65860748,73.42247009,74.1877594
Saudi Arabia,NA,NA,NA,NA,NA,NA,NA,NA,NA,NA,NA,NA,NA,NA,NA,NA,NA,NA,NA,NA,NA,NA,NA,NA,NA,NA,NA,NA,NA,NA,NA,NA,70.82164764,NA,NA,NA,NA,NA,NA,NA,79.35093689,NA,NA,NA,82.85774231,NA,NA,NA,NA,NA,NA,NA,NA,94.4263382,NA,NA,NA,95.32862854,NA,NA,97.58506775,NA,NA
Sudan,NA,NA,NA,NA,NA,NA,NA,NA,NA,NA,NA,NA,NA,NA,NA,NA,NA,NA,NA,NA,NA,NA,NA,NA,NA,NA,NA,NA,NA,NA,NA,NA,NA,NA,NA,NA,NA,NA,NA,NA,61.34587097,NA,NA,NA,NA,NA,NA,NA,53.51737976,NA,NA,NA,NA,NA,NA,NA,NA,NA,60.6971817,NA,NA,NA,NA
Senegal,NA,NA,NA,NA,NA,NA,NA,NA,NA,NA,NA,NA,NA,NA,NA,NA,NA,NA,NA,NA,NA,NA,NA,NA,NA,NA,NA,NA,26.86885071,NA,NA,NA,NA,NA,NA,NA,NA,NA,NA,NA,NA,NA,39.27524948,NA,NA,NA,41.89115143,NA,NA,48.03678131,NA,51.81454849,NA,43.53450012,NA,NA,NA,51.90042114,NA,NA,NA,NA,57.66999817
Singapore,NA,NA,NA,NA,NA,NA,NA,NA,NA,NA,NA,NA,NA,NA,NA,NA,NA,NA,NA,NA,82.90605164,NA,NA,NA,NA,NA,NA,NA,NA,NA,89.09600067,NA,NA,NA,NA,NA,NA,NA,NA,NA,92.54940033,NA,NA,NA,NA,NA,NA,NA,NA,NA,95.85733032,96.18604279,96.36978912,96.54801941,96.71669006,96.82549286,97.04956055,97.2022171,97.34485626,97.47958374,97.1318512,NA,NA
Solomon Islands,NA,NA,NA,NA,NA,NA,NA,NA,NA,NA,NA,NA,NA,NA,NA,NA,NA,NA,NA,NA,NA,NA,NA,NA,NA,NA,NA,NA,NA,NA,NA,NA,NA,NA,NA,NA,NA,NA,NA,76.59999847,NA,NA,NA,NA,NA,NA,NA,NA,NA,NA,NA,NA,NA,NA,NA,NA,NA,NA,NA,NA,NA,NA,NA
Sierra Leone,NA,NA,NA,NA,NA,NA,NA,NA,NA,NA,NA,NA,NA,NA,NA,NA,NA,NA,NA,NA,NA,NA,NA,NA,NA,NA,NA,NA,NA,NA,NA,NA,NA,NA,NA,NA,NA,NA,NA,NA,NA,NA,NA,NA,34.82678986,NA,NA,NA,NA,NA,NA,NA,NA,32.42617035,NA,NA,NA,NA,NA,NA,NA,NA,48.63999939
El Salvador,NA,NA,NA,NA,NA,NA,NA,NA,NA,NA,NA,NA,NA,NA,NA,NA,NA,NA,NA,NA,NA,NA,NA,NA,NA,NA,NA,NA,NA,NA,NA,NA,74.14315796,NA,NA,NA,NA,NA,NA,NA,NA,NA,NA,NA,NA,NA,83.5594635,82.02863312,83.95130157,84.10289001,84.49272156,85.49398804,NA,86.76757813,NA,87.96984863,88.14176941,88.48271179,89.00859833,89.13791656,89.98452759,NA,NA
San Marino,NA,NA,NA,NA,NA,NA,NA,NA,NA,NA,NA,NA,NA,NA,NA,NA,NA,NA,NA,NA,NA,NA,NA,NA,NA,NA,NA,NA,NA,NA,NA,NA,NA,NA,NA,NA,NA,NA,NA,NA,NA,NA,NA,NA,NA,NA,NA,NA,NA,NA,NA,NA,NA,NA,NA,NA,NA,NA,NA,NA,NA,NA,NA
Somalia,NA,NA,NA,NA,NA,NA,NA,NA,NA,NA,NA,NA,5.404650211,NA,NA,NA,NA,NA,NA,NA,NA,NA,NA,NA,NA,NA,NA,NA,NA,NA,NA,NA,NA,NA,NA,NA,NA,NA,NA,NA,NA,NA,NA,NA,NA,NA,NA,NA,NA,NA,NA,NA,NA,NA,NA,NA,NA,NA,NA,NA,NA,NA,41.02500153
Serbia,NA,NA,NA,NA,NA,NA,NA,NA,NA,NA,NA,NA,NA,NA,NA,NA,NA,NA,NA,NA,NA,NA,NA,NA,NA,NA,NA,NA,NA,NA,NA,NA,NA,NA,NA,NA,NA,NA,NA,NA,NA,NA,NA,96.39723969,NA,NA,NA,NA,NA,NA,NA,97.96240997,NA,NA,NA,NA,98.84150696,NA,NA,99.48252869,NA,NA,NA
Sub-Saharan Africa (excluding high income),NA,NA,NA,NA,NA,NA,NA,NA,NA,NA,NA,NA,NA,NA,NA,NA,NA,NA,NA,NA,NA,NA,NA,NA,NA,49.66851044,49.98794937,50.6180687,51.0959816,51.68484879,52.3336792,52.8059082,53.16691971,53.71892166,54.42776108,54.72232056,55.34027863,56.18748856,56.86299133,57.72032928,56.24827957,57.48923111,57.97988892,58.34194183,59.86169052,58.89062119,60.25033951,57.71216965,57.87607956,58.64847183,59.20811081,60.7833786,61.96463013,62.82595825,63.50904083,64.12805939,64.85732269,65.21926117,66.67989349,67.40724945,67.54411316,67.58847809,67.7116394
South Sudan,NA,NA,NA,NA,NA,NA,NA,NA,NA,NA,NA,NA,NA,NA,NA,NA,NA,NA,NA,NA,NA,NA,NA,NA,NA,NA,NA,NA,NA,NA,NA,NA,NA,NA,NA,NA,NA,NA,NA,NA,NA,NA,NA,NA,NA,NA,NA,NA,26.83127975,NA,NA,NA,NA,NA,NA,NA,NA,NA,34.52275848,NA,NA,NA,NA
Sub-Saharan Africa,NA,NA,NA,NA,NA,NA,NA,NA,NA,NA,NA,NA,NA,NA,NA,NA,NA,NA,NA,NA,NA,NA,NA,NA,NA,49.67414856,49.9936409,50.62374878,51.10168076,51.69055939,52.33940125,52.8116188,53.17251968,53.72444153,54.43320084,54.72776031,55.34564972,56.19274902,56.8682518,57.72549057,56.25376129,57.49454117,57.98503876,58.34712982,59.8666687,58.89574051,60.25526047,57.71746063,57.88127899,58.65356064,59.2130394,60.78815842,61.96923828,62.83042908,63.51337814,64.13227844,64.86139679,65.22324371,66.68363953,67.41085815,67.54763031,67.59192657,67.7150116
Small states,NA,NA,NA,NA,NA,NA,NA,NA,NA,NA,NA,NA,NA,NA,NA,NA,NA,NA,NA,NA,NA,NA,NA,NA,NA,NA,NA,76.57846069,77.06575012,77.54881287,77.94120789,78.15934753,78.47515869,78.87770844,79.03469849,79.36598969,79.83637238,80.25080109,80.86553955,81.05890656,81.40119171,81.97280121,82.61617279,83.13954926,83.51766205,83.95848083,83.65026855,83.19394684,83.96173859,83.56893921,84.06095886,84.41446686,84.7188797,84.96060181,85.23026276,85.79714203,86.15035248,86.30580139,86.47145844,86.6712265,86.84985352,86.91940308,87.01966095
Sao Tome and Principe,NA,NA,NA,NA,NA,NA,NA,NA,NA,NA,NA,NA,NA,NA,NA,NA,NA,NA,NA,NA,NA,57.32426071,NA,NA,NA,NA,NA,NA,NA,NA,NA,73.24241638,NA,NA,NA,NA,NA,NA,NA,NA,NA,84.9085083,NA,NA,NA,NA,NA,NA,69.53639221,NA,NA,NA,90.14309692,NA,NA,NA,NA,NA,NA,NA,NA,NA,93.75
Suriname,NA,NA,NA,NA,NA,NA,NA,NA,NA,NA,NA,NA,NA,NA,NA,NA,NA,NA,NA,NA,NA,NA,NA,NA,NA,NA,NA,NA,NA,NA,NA,NA,NA,NA,NA,NA,NA,NA,NA,NA,NA,NA,NA,NA,89.59806061,NA,NA,NA,94.62094116,NA,94.67575073,NA,92.86865997,NA,NA,NA,NA,NA,NA,NA,NA,95,NA
Slovak Republic,NA,NA,NA,NA,NA,NA,NA,NA,NA,NA,NA,NA,NA,NA,NA,NA,NA,NA,NA,NA,NA,NA,NA,NA,NA,NA,NA,NA,NA,NA,NA,NA,NA,NA,NA,NA,NA,NA,NA,NA,NA,NA,NA,NA,NA,NA,NA,NA,NA,NA,NA,NA,NA,NA,NA,NA,NA,NA,NA,NA,NA,NA,NA
Slovenia,NA,NA,NA,NA,NA,NA,NA,NA,NA,NA,NA,NA,NA,NA,NA,NA,NA,NA,NA,NA,NA,NA,NA,NA,NA,NA,NA,NA,NA,NA,NA,99.52452087,NA,NA,NA,NA,NA,NA,NA,NA,NA,99.59999847,NA,NA,NA,NA,NA,NA,NA,NA,NA,NA,NA,NA,NA,NA,NA,NA,NA,NA,NA,NA,NA
Sweden,NA,NA,NA,NA,NA,NA,NA,NA,NA,NA,NA,NA,NA,NA,NA,NA,NA,NA,NA,NA,NA,NA,NA,NA,NA,NA,NA,NA,NA,NA,NA,NA,NA,NA,NA,NA,NA,NA,NA,NA,NA,NA,NA,NA,NA,NA,NA,NA,NA,NA,NA,NA,NA,NA,NA,NA,NA,NA,NA,NA,NA,NA,NA
Eswatini,NA,NA,NA,NA,NA,NA,NA,NA,NA,NA,NA,NA,NA,NA,NA,NA,55.32503891,NA,NA,NA,NA,NA,NA,NA,NA,NA,67.23937988,NA,NA,NA,NA,NA,NA,NA,NA,NA,NA,NA,NA,NA,81.66069794,NA,NA,NA,NA,NA,NA,NA,NA,NA,83.09828949,NA,NA,NA,NA,NA,NA,NA,NA,NA,89.27999878,NA,NA
Sint Maarten (Dutch part),NA,NA,NA,NA,NA,NA,NA,NA,NA,NA,NA,NA,NA,NA,NA,NA,NA,NA,NA,NA,NA,NA,NA,NA,NA,NA,NA,NA,NA,NA,NA,NA,NA,NA,NA,NA,NA,NA,NA,NA,NA,NA,NA,NA,NA,NA,NA,NA,NA,NA,NA,NA,NA,NA,NA,NA,NA,NA,NA,NA,NA,NA,NA
Seychelles,NA,NA,NA,NA,NA,NA,NA,NA,NA,NA,NA,NA,NA,NA,NA,NA,NA,NA,NA,NA,NA,NA,NA,NA,NA,NA,NA,84.22921753,NA,NA,NA,NA,NA,NA,87.8111496,NA,NA,NA,NA,NA,NA,NA,91.8364563,NA,NA,NA,NA,NA,NA,NA,93.95423126,NA,NA,NA,NA,NA,NA,NA,NA,NA,96.19999695,NA,NA
Syrian Arab Republic,NA,NA,NA,NA,NA,NA,NA,NA,NA,NA,NA,NA,NA,NA,NA,NA,NA,NA,NA,NA,NA,55.65449905,NA,NA,NA,NA,NA,NA,NA,NA,NA,NA,NA,NA,NA,NA,NA,NA,NA,NA,NA,NA,82.88825226,NA,80.84452057,NA,NA,NA,NA,NA,NA,NA,NA,NA,86.30000305,NA,NA,NA,NA,NA,NA,NA,NA
Turks and Caicos Islands,NA,NA,NA,NA,NA,NA,NA,NA,NA,NA,NA,NA,NA,NA,NA,NA,NA,NA,NA,NA,NA,NA,NA,NA,NA,NA,NA,NA,NA,NA,NA,NA,NA,NA,NA,NA,NA,NA,NA,NA,NA,NA,NA,NA,NA,NA,NA,NA,NA,NA,NA,NA,NA,NA,NA,NA,NA,NA,NA,NA,NA,NA,NA
Chad,NA,NA,NA,NA,NA,NA,NA,NA,NA,NA,NA,NA,NA,NA,NA,NA,NA,NA,NA,NA,NA,NA,NA,NA,NA,NA,NA,NA,NA,NA,NA,NA,NA,10.89465046,NA,NA,NA,NA,NA,NA,25.65420914,NA,NA,NA,28.38142967,NA,NA,NA,NA,NA,NA,NA,NA,NA,NA,26.00299072,22.31155014,NA,NA,NA,NA,NA,27.28000069
East Asia & Pacific (IDA & IBRD countries),NA,NA,NA,NA,NA,NA,NA,NA,NA,NA,NA,NA,NA,NA,NA,NA,63.1921196,63.35945129,64.56790161,65.92337036,66.58144379,68.32592773,69.00263214,70.43041229,71.52169037,72.55986786,73.49314117,74.74855042,79.0273819,79.73667908,79.54802704,80.94316864,81.50932312,82.02114868,82.60978699,83.19967651,83.72646332,89.38498688,89.77085876,90.07325745,90.38484955,90.80222321,91.14552307,91.49049377,91.82585907,92.12751007,92.54476929,93.67214966,93.93517303,94.24246979,94.42125702,94.15882874,94.33483887,94.43241882,94.89228058,95.09890747,95.26261902,95.4295578,95.52983856,95.91288757,96.22490692,96.25110626,NA
Europe & Central Asia (IDA & IBRD countries),NA,NA,NA,NA,NA,NA,NA,NA,NA,NA,NA,NA,NA,NA,NA,NA,NA,NA,NA,NA,NA,NA,NA,94.30168152,95.02438354,95.18760681,95.35749817,95.52458954,95.70230103,95.7953186,95.95889282,96.08641052,96.20008087,96.30973816,96.41584778,96.52057648,96.67832947,96.77806854,97.06327057,97.12281799,97.28708649,97.3662796,97.43974304,97.51368713,97.56743622,97.69850159,97.66570282,97.74787903,97.84797668,98.22634125,98.49771118,98.72580719,98.84133148,98.88304901,98.91011047,98.93250275,99.04476929,99.04669189,99.20314789,99.22129059,99.29792023,99.32859802,99.349823
Togo,NA,NA,NA,NA,NA,NA,NA,NA,NA,NA,NA,NA,NA,NA,NA,NA,NA,NA,NA,NA,NA,NA,NA,NA,NA,NA,NA,NA,NA,NA,NA,NA,NA,NA,NA,NA,NA,NA,NA,NA,53.17760086,NA,NA,NA,NA,NA,56.88837051,NA,NA,57.09337997,NA,60.40993881,NA,NA,NA,63.74562073,NA,NA,NA,66.53707886,NA,NA,NA
Thailand,NA,NA,NA,NA,NA,NA,NA,NA,NA,NA,NA,NA,NA,NA,NA,NA,NA,NA,NA,NA,87.98175812,NA,NA,NA,NA,NA,NA,NA,NA,NA,NA,NA,NA,NA,NA,NA,NA,NA,NA,NA,92.64653778,NA,NA,NA,NA,93.50646973,NA,NA,NA,NA,96.4309082,NA,NA,93.70207214,NA,92.86830902,NA,NA,93.76776123,NA,NA,94.09999847,NA
Tajikistan,NA,NA,NA,NA,NA,NA,NA,NA,NA,NA,NA,NA,NA,NA,NA,NA,NA,NA,NA,NA,NA,NA,NA,NA,NA,NA,NA,NA,NA,97.69402313,NA,NA,NA,NA,NA,NA,NA,NA,NA,NA,99.45068359,NA,NA,NA,NA,NA,NA,NA,NA,NA,99.69999695,NA,NA,NA,NA,NA,NA,NA,NA,NA,NA,NA,NA
Turkmenistan,NA,NA,NA,NA,NA,NA,NA,NA,NA,NA,NA,NA,NA,NA,NA,NA,NA,NA,NA,NA,NA,NA,NA,NA,NA,NA,NA,NA,NA,NA,NA,NA,NA,NA,NA,98.77832031,NA,NA,NA,NA,NA,NA,NA,NA,NA,99.40000153,NA,NA,NA,NA,NA,NA,NA,NA,NA,NA,NA,NA,NA,NA,NA,NA,NA
Latin America & the Caribbean (IDA & IBRD countries),NA,NA,NA,NA,NA,NA,NA,NA,NA,NA,NA,NA,NA,NA,78.03568268,78.05528259,78.41751099,78.83381653,79.28690338,79.69650269,80.02404022,80.4641571,80.85545349,81.2618866,81.64317322,82.0110321,82.37168884,82.6669693,83.17289734,83.62869263,83.95121002,84.57997131,85.18576813,85.81564331,86.41613007,87.02548218,87.35897827,87.69407654,88.06700134,88.38733673,88.65263367,88.85426331,89.00974274,89.83120728,89.77258301,90.2740097,90.2277832,90.86018372,91.12097168,91.40442657,91.3952179,91.98246765,92.23441315,92.2822876,92.74133301,92.90988922,93.40379333,93.47335815,93.6103363,94.07157135,94.09838104,94.36309814,94.51290131
Timor-Leste,NA,NA,NA,NA,NA,NA,NA,NA,NA,NA,NA,NA,NA,NA,NA,NA,NA,NA,NA,NA,NA,NA,NA,NA,NA,NA,NA,NA,NA,NA,NA,NA,NA,NA,NA,NA,NA,NA,NA,NA,NA,37.59999847,NA,NA,NA,NA,NA,50.59999847,NA,NA,58.30897903,NA,NA,NA,NA,NA,NA,NA,NA,NA,69.90000153,NA,NA
Middle East & North Africa (IDA & IBRD countries),NA,NA,NA,NA,NA,NA,NA,NA,NA,NA,NA,NA,39.25675964,39.73791885,40.22972107,40.77125168,41.35366058,41.93915176,42.66082001,43.38164139,44.23308945,45.0901413,45.91088104,46.78654861,47.73591995,48.89595032,49.95840836,50.8846817,52.0321312,53.06023026,55.67554855,57.11513138,58.13679123,58.98606873,59.74478912,61.44976044,62.81528091,63.74256897,64.91893005,66.0451889,67.12400055,68.28600311,68.70024109,72.2226181,72.93180084,72.50079346,72.44258118,73.04457855,73.53092957,73.32862854,74.1133194,74.29891968,77.19400024,74.81005859,79.0837326,76.51608276,77.69116211,78.76262665,75.66854095,76.05084229,76.41278076,76.78054047,77.17636108
Tonga,NA,NA,NA,NA,NA,NA,NA,NA,NA,NA,NA,NA,NA,NA,NA,NA,99.59246063,NA,NA,NA,NA,NA,NA,NA,NA,NA,NA,NA,NA,NA,NA,NA,NA,NA,NA,NA,98.90537262,NA,NA,NA,NA,NA,NA,NA,NA,NA,99.01846313,NA,NA,NA,NA,99.38552856,NA,NA,NA,NA,NA,NA,NA,NA,NA,99.40000153,NA
South Asia (IDA & IBRD),NA,NA,NA,NA,NA,NA,NA,NA,NA,NA,NA,NA,NA,NA,NA,36.03934097,36.04425049,36.6957016,37.34392166,37.98004913,38.59590149,38.63156891,39.82555008,40.47922134,41.13370132,41.78565979,42.44036865,43.09804916,43.84537125,44.61243057,45.35919952,45.78955841,47.08633041,48.08145905,48.84938049,49.64048004,50.44919968,51.26016998,56.10293961,56.87630844,57.65058136,58.09878922,59.20312881,60.09577942,60.87617111,60.62966919,60.16196823,61.70198059,62.7935791,63.46567917,66.03605652,66.50596619,67.30776215,68.05452728,68.79316711,69.75715637,71.10492706,71.7903595,72.08151245,71.94278717,72.65860748,73.42247009,74.1877594
Sub-Saharan Africa (IDA & IBRD countries),NA,NA,NA,NA,NA,NA,NA,NA,NA,NA,NA,NA,NA,NA,NA,NA,NA,NA,NA,NA,NA,NA,NA,NA,NA,49.67414856,49.9936409,50.62374878,51.10168076,51.69055939,52.33940125,52.8116188,53.17251968,53.72444153,54.43320084,54.72776031,55.34564972,56.19274902,56.8682518,57.72549057,56.25376129,57.49454117,57.98503876,58.34712982,59.8666687,58.89574051,60.25526047,57.71746063,57.88127899,58.65356064,59.2130394,60.78815842,61.96923828,62.83042908,63.51337814,64.13227844,64.86139679,65.22324371,66.68363953,67.41085815,67.54763031,67.59192657,67.7150116
Trinidad and Tobago,NA,NA,NA,NA,NA,NA,NA,NA,NA,NA,NA,NA,NA,NA,NA,NA,NA,NA,NA,NA,94.97032166,NA,NA,NA,NA,NA,NA,NA,NA,NA,96.93855286,NA,NA,NA,NA,NA,NA,NA,NA,NA,97.90000153,NA,NA,NA,NA,NA,NA,NA,NA,NA,NA,NA,NA,NA,NA,NA,NA,NA,NA,NA,NA,NA,NA
Tunisia,NA,NA,NA,NA,NA,NA,NA,NA,NA,NA,NA,NA,NA,NA,NA,NA,NA,NA,NA,NA,NA,NA,NA,NA,48.19070053,NA,NA,NA,NA,NA,NA,NA,NA,NA,NA,NA,NA,NA,NA,NA,NA,NA,NA,NA,74.29699707,NA,NA,77.19039917,77.7146225,NA,79.13057709,79.65390778,80.21875,NA,79.03643036,NA,NA,NA,NA,NA,NA,NA,83.55999756
Turkiye,NA,NA,NA,NA,NA,NA,NA,NA,NA,NA,NA,NA,NA,NA,NA,61.62768173,NA,NA,NA,NA,65.69434357,NA,NA,NA,NA,75.96823883,NA,NA,NA,NA,79.23245239,NA,NA,NA,NA,NA,NA,NA,NA,NA,NA,NA,NA,NA,87.36549377,88.22905731,88.1193924,88.65589905,NA,90.81671906,92.66059875,94.10608673,94.9197464,95.25666046,95.4396286,95.60141754,96.16732788,96.15052795,NA,96.74221039,NA,NA,NA
Tuvalu,NA,NA,NA,NA,NA,NA,NA,NA,NA,NA,NA,NA,NA,NA,NA,NA,NA,NA,NA,NA,NA,NA,NA,NA,NA,NA,NA,NA,NA,NA,NA,NA,NA,NA,NA,NA,NA,NA,NA,NA,NA,NA,NA,NA,NA,NA,NA,NA,NA,NA,NA,NA,NA,NA,NA,NA,NA,NA,NA,NA,NA,NA,NA
Tanzania,NA,NA,NA,NA,NA,NA,NA,NA,NA,NA,NA,NA,NA,NA,NA,NA,NA,NA,NA,NA,NA,NA,NA,NA,NA,NA,NA,NA,59.11380005,NA,NA,NA,NA,NA,NA,NA,NA,NA,NA,NA,NA,NA,69.43090057,NA,NA,NA,NA,NA,NA,NA,67.80069733,NA,78.10059357,NA,NA,77.88722992,NA,NA,NA,NA,NA,NA,82.01999664
Uganda,NA,NA,NA,NA,NA,NA,NA,NA,NA,NA,NA,NA,NA,NA,NA,NA,NA,NA,NA,NA,NA,NA,NA,NA,NA,NA,NA,NA,NA,NA,NA,56.10737991,NA,NA,NA,NA,NA,NA,NA,NA,NA,NA,68.14250946,NA,NA,NA,71.37313843,NA,NA,NA,73.21188354,NA,70.1982193,NA,NA,NA,NA,NA,76.52749634,NA,NA,NA,80.58999634
Ukraine,NA,NA,NA,NA,NA,NA,NA,NA,NA,NA,NA,NA,NA,NA,NA,NA,NA,NA,NA,NA,NA,NA,NA,NA,NA,NA,NA,NA,NA,NA,NA,NA,NA,NA,NA,NA,NA,NA,NA,NA,NA,99.43041229,NA,NA,NA,NA,NA,NA,NA,NA,NA,NA,99.97434998,NA,NA,NA,NA,NA,NA,NA,NA,100,NA
Upper middle income,NA,NA,NA,NA,NA,NA,NA,NA,NA,NA,NA,NA,NA,NA,NA,NA,68.74028778,68.93138885,69.90413666,70.97245026,71.50331879,72.8753891,73.44789886,74.57849884,75.58397675,76.43733215,77.26837158,78.11402893,81.40846252,82.00051117,81.94503021,83.056633,83.58291626,84.08187866,84.56281281,85.04724884,85.50187683,89.81378937,90.20423889,90.52339935,90.84069824,91.18141937,91.4581604,91.86901855,92.1204071,92.44410706,92.73255157,93.57467651,93.85072327,93.93437195,94.13539886,94.38587189,94.83447266,94.60601044,95.30264282,95.07113647,95.64910889,95.62960052,95.42072296,95.73506165,95.95691681,95.91166687,95.95597076
Uruguay,NA,NA,NA,NA,NA,NA,NA,NA,NA,NA,NA,NA,NA,NA,NA,93.86106873,NA,NA,NA,NA,NA,NA,NA,NA,NA,95.37998199,NA,NA,NA,NA,NA,NA,NA,NA,NA,NA,96.78180695,NA,NA,NA,NA,NA,NA,NA,NA,NA,97.78962708,97.8638916,98.16355896,98.26722717,98.07270813,98.33589935,98.39594269,98.36386871,98.43592834,98.52387238,98.56147003,98.61572266,98.70385742,98.7703476,NA,NA,NA
United States,NA,NA,NA,NA,NA,NA,NA,NA,NA,NA,NA,NA,NA,NA,NA,NA,NA,NA,NA,NA,NA,NA,NA,NA,NA,NA,NA,NA,NA,NA,NA,NA,NA,NA,NA,NA,NA,NA,NA,NA,NA,NA,NA,NA,NA,NA,NA,NA,NA,NA,NA,NA,NA,NA,NA,NA,NA,NA,NA,NA,NA,NA,NA
Uzbekistan,NA,NA,NA,NA,NA,NA,NA,NA,NA,NA,NA,NA,NA,NA,NA,NA,NA,NA,NA,NA,NA,NA,NA,NA,NA,NA,NA,NA,NA,NA,NA,NA,NA,NA,NA,NA,NA,NA,NA,NA,98.64257813,NA,NA,NA,NA,NA,NA,NA,NA,NA,NA,NA,NA,99.99485779,99.98055267,99.98383331,99.98657227,NA,99.9928894,99.99994659,NA,99.99791718,99.99997711
St. Vincent and the Grenadines,NA,NA,NA,NA,NA,NA,NA,NA,NA,NA,95.63215637,NA,NA,NA,NA,NA,NA,NA,NA,NA,96.90000153,NA,NA,NA,NA,NA,NA,NA,NA,NA,NA,NA,NA,NA,NA,NA,NA,NA,NA,NA,NA,NA,NA,NA,NA,NA,NA,NA,NA,NA,NA,NA,NA,NA,NA,NA,NA,NA,NA,NA,NA,NA,NA
"Venezuela, RB",NA,NA,NA,NA,NA,NA,NA,NA,NA,NA,NA,NA,NA,NA,NA,NA,NA,NA,NA,NA,NA,84.73220062,NA,NA,NA,NA,NA,NA,NA,NA,89.82524872,NA,NA,NA,NA,NA,NA,NA,NA,NA,NA,92.97982788,NA,NA,NA,NA,NA,95.1546402,NA,95.51199341,NA,94.7702179,NA,NA,NA,96.60521698,97.12709045,NA,NA,NA,NA,NA,97.59999847
British Virgin Islands,NA,NA,NA,NA,NA,NA,NA,NA,NA,NA,NA,NA,NA,NA,NA,NA,NA,NA,NA,NA,NA,NA,NA,NA,NA,NA,NA,NA,NA,NA,NA,NA,NA,NA,NA,NA,NA,NA,NA,NA,NA,NA,NA,NA,NA,NA,NA,NA,NA,NA,NA,NA,NA,NA,NA,NA,NA,NA,NA,NA,NA,NA,NA
Virgin Islands (U.S.),NA,NA,NA,NA,NA,NA,NA,NA,NA,NA,NA,NA,NA,NA,NA,NA,NA,NA,NA,NA,NA,NA,NA,NA,NA,NA,NA,NA,NA,NA,NA,NA,NA,NA,NA,NA,NA,NA,NA,NA,NA,NA,NA,NA,NA,NA,NA,NA,NA,NA,NA,NA,NA,NA,NA,NA,NA,NA,NA,NA,NA,NA,NA
Viet Nam,NA,NA,NA,NA,NA,NA,NA,NA,NA,NA,NA,NA,NA,NA,NA,NA,NA,NA,NA,83.82594299,NA,NA,NA,NA,NA,NA,NA,NA,NA,87.59645081,NA,NA,NA,NA,NA,NA,NA,NA,NA,90.27829742,90.15612793,NA,NA,NA,NA,NA,NA,NA,NA,93.52044678,NA,NA,NA,NA,NA,NA,NA,NA,NA,95.7538681,NA,NA,NA
Vanuatu,NA,NA,NA,NA,NA,NA,NA,NA,NA,NA,NA,NA,NA,NA,NA,NA,NA,NA,NA,52.87392044,NA,NA,NA,NA,58.20000076,NA,NA,NA,NA,NA,NA,NA,NA,NA,68.69999695,NA,NA,NA,NA,74,NA,NA,NA,NA,78.40000153,NA,NA,NA,NA,NA,NA,NA,NA,NA,84.69999695,NA,NA,NA,NA,NA,NA,89.09999847,NA
World,NA,NA,NA,NA,NA,NA,NA,NA,NA,NA,NA,NA,NA,NA,NA,NA,65.58654785,65.87832642,66.5010376,67.15500641,67.58338165,68.29190826,68.8494873,69.55039978,70.20851898,70.80339813,71.35791779,72.04868317,73.77015686,74.30384064,74.6057663,75.19876099,75.64575195,76.05962372,76.46276855,76.86894226,77.25817108,79.24868011,80.43392944,80.7684021,80.87451935,81.20433044,81.57198334,82.06555939,82.43894196,82.37776947,82.46365356,82.92806244,83.25666046,83.51319885,84.16000366,84.32264709,84.76106262,84.86013794,85.43370819,85.60182953,86.06115723,86.2882309,86.33905029,86.48960114,86.7115097,86.85275269,87.01174927
Samoa,NA,NA,NA,NA,NA,NA,NA,NA,NA,NA,NA,NA,NA,NA,NA,NA,NA,NA,NA,NA,NA,NA,NA,NA,NA,NA,NA,NA,NA,NA,NA,97.94432831,NA,NA,NA,NA,NA,NA,NA,NA,NA,NA,NA,NA,NA,NA,NA,NA,NA,NA,NA,98.97325897,NA,NA,NA,NA,NA,NA,NA,NA,NA,99.09999847,NA
Kosovo,NA,NA,NA,NA,NA,NA,NA,NA,NA,NA,NA,NA,NA,NA,NA,NA,NA,NA,NA,NA,NA,NA,NA,NA,NA,NA,NA,NA,NA,NA,NA,NA,NA,NA,NA,NA,NA,NA,NA,NA,NA,NA,NA,NA,NA,NA,NA,NA,NA,NA,NA,NA,NA,NA,NA,NA,NA,NA,NA,NA,NA,NA,NA
"Yemen, Rep.",NA,NA,NA,NA,NA,NA,NA,NA,NA,NA,NA,NA,NA,NA,NA,NA,NA,NA,NA,NA,NA,NA,NA,NA,NA,NA,NA,NA,NA,NA,NA,NA,NA,NA,37.09000015,NA,NA,NA,NA,NA,NA,NA,NA,NA,54.09999847,NA,NA,NA,NA,NA,NA,NA,NA,NA,NA,NA,NA,NA,NA,NA,NA,NA,NA
South Africa,NA,NA,NA,NA,NA,NA,NA,NA,NA,NA,NA,NA,NA,NA,NA,NA,NA,NA,NA,NA,76.20049286,NA,NA,NA,NA,NA,NA,NA,NA,NA,NA,NA,NA,NA,NA,NA,82.40209961,NA,NA,NA,NA,NA,NA,NA,NA,NA,NA,88.71724701,NA,92.89485931,92.87731934,93.10214233,93.7294693,NA,94.13990021,94.36791992,NA,87.04666901,NA,95.02297211,NA,90.00135803,NA
Zambia,NA,NA,NA,NA,NA,NA,NA,NA,NA,NA,NA,NA,NA,NA,NA,NA,NA,NA,NA,NA,NA,NA,NA,NA,NA,NA,NA,NA,NA,NA,64.99828339,NA,NA,NA,NA,NA,NA,NA,NA,68.00179291,NA,NA,69.14922333,NA,NA,NA,NA,61.12709045,NA,NA,83.00766754,NA,NA,NA,NA,NA,NA,NA,NA,NA,87.5,NA,NA
Zimbabwe,NA,NA,NA,NA,NA,NA,NA,NA,NA,NA,NA,NA,NA,NA,NA,NA,NA,NA,NA,NA,NA,NA,77.79416656,NA,NA,NA,NA,NA,NA,NA,NA,NA,83.51258087,NA,NA,NA,NA,NA,NA,NA,NA,NA,NA,NA,NA,NA,NA,NA,NA,NA,NA,83.58271027,NA,NA,88.69342041,NA,NA,NA,NA,NA,NA,NA,89.84999847